benchmark,classifier,method,instance,validity,proximity_l1,proximity_l2,sparsity,sparsity_channels,sparsity_timepoints,trsi,scm_noise_plausibility,intervention_t,vacuous,cf_faith_rollout_hard,cf_faith_rollout_soft,cf_faith_pearl_hard,cf_faith_pearl_soft,cf_faith_rollout_hard_valid,cf_faith_pearl_hard_valid,horizon,t0,t_label,label_horizon
full_nl_seed2,lstm,CARLA,0,1,3.987389244570908,0.9491632867883403,0.951,0.0,0.95,1.1016399588144121,0.9603732690735091,95,0,1.0,0.9999999970259635,0.0,0.9322724037951544,1.0,0.0,5,95,99,4
full_nl_seed2,lstm,CARLA,1,1,7.2363666684450285,1.3318206878156889,0.95,0.0,0.95,1.0318892975313152,0.9505400528772092,95,0,1.0,0.9999999978965194,0.0,0.8774013561424151,1.0,0.0,5,95,99,4
full_nl_seed2,lstm,CARLA,2,1,4.703333286092984,0.9100087182001366,0.95,0.0,0.95,0.9688224895082539,0.9517640134347047,95,0,1.0,0.9999999978143285,0.0,0.9267359282788348,1.0,0.0,5,95,99,4
full_nl_seed2,lstm,CARLA,3,1,4.828064336895202,0.9282378384566173,0.951,0.0,0.95,0.9652311420351216,0.9609729921295326,95,0,1.0,0.9999999970858128,0.0,0.920348244277524,1.0,0.0,5,95,99,4
full_nl_seed2,lstm,CARLA,4,1,5.098894859661179,0.9659128777860011,0.95,0.0,0.95,0.9482910823617783,0.9875110254597566,95,0,1.0,0.9999999975600479,0.0,0.9174751762116908,1.0,0.0,5,95,99,4
full_nl_seed2,lstm,CARLA,5,1,6.410111130287924,1.176071959375909,0.95,0.0,0.95,1.2280640896921606,0.9279543963230577,95,0,1.0,0.99999999722697,0.0,0.8954160078402571,1.0,0.0,5,95,99,4
full_nl_seed2,lstm,CARLA,6,1,6.009402675601863,1.1576688464126135,0.95,0.0,0.95,1.0180904050424446,0.9794080971675457,95,0,1.0,0.9999999986472274,0.0,0.8947879053333128,1.0,0.0,5,95,99,4
full_nl_seed2,lstm,CARLA,7,1,6.0431497883058345,1.131366818299693,0.951,0.0,0.95,1.0835317327950857,0.9732569967178549,95,0,1.0,0.9999999973423874,0.0,0.8990274283114313,1.0,0.0,5,95,99,4
full_nl_seed2,lstm,CARLA,8,1,5.529705897636249,1.1153211087327637,0.95,0.0,0.95,1.0529894106149589,0.9400451235873933,95,0,1.0,0.9999999978779239,0.0,0.921049510504291,1.0,0.0,5,95,99,4
full_nl_seed2,lstm,CARLA,9,1,6.071500893349242,1.0663201614335265,0.95,0.0,0.95,1.0120040466630578,0.9710094860144137,95,0,1.0,0.9999999968683155,0.0,0.8944908358836092,1.0,0.0,5,95,99,4
full_nl_seed2,lstm,PearlCARLA,0,1,14.792274106797136,3.429907427522151,0.95,0.0,0.95,0.9190156435718336,0.9488825639710086,95,0,0.0,0.9322784170532663,1.0,0.9999999890995925,0.0,1.0,5,95,99,4
full_nl_seed2,lstm,PearlCARLA,1,0,6.474061001000253,1.5629008568590872,0.95,0.0,0.95,0.9400686556793297,0.971764230393611,95,0,0.0,0.8773982607727598,1.0,0.999999992663682,0.0,0.0,5,95,99,4
full_nl_seed2,lstm,PearlCARLA,2,1,2.0478616684000834,0.5411674702019227,0.953,0.0,0.95,1.006702979145523,0.9893984596603346,95,0,0.0,0.9267361664863094,1.0,0.9999999947712374,0.0,1.0,5,95,99,4
full_nl_seed2,lstm,PearlCARLA,3,1,14.33724853640112,3.3139669911768683,0.95,0.0,0.95,0.8550866699496972,0.9459508766016163,95,0,0.0,0.9203592367773958,1.0,0.9999999879632694,0.0,1.0,5,95,99,4
full_nl_seed2,lstm,PearlCARLA,4,1,25.541271342644016,5.84446740841124,0.95,0.0,0.95,0.8017941302337548,0.8849932088495737,95,0,0.0,0.9174900044995647,1.0,0.9999999855318278,0.0,1.0,5,95,99,4
full_nl_seed2,lstm,PearlCARLA,5,0,6.702989027269493,1.3264056378196643,0.95,0.0,0.95,0.6943348409160314,0.9979845672964164,95,0,0.0,0.8954156576142066,1.0,0.9999999907802134,0.0,0.0,5,95,99,4
full_nl_seed2,lstm,PearlCARLA,6,1,6.880284679189425,1.731354798646879,0.95,0.0,0.95,0.9685907047478919,0.9469883553982207,95,0,0.0,0.894780458644292,1.0,0.9999999915270973,0.0,1.0,5,95,99,4
full_nl_seed2,lstm,PearlCARLA,7,1,30.71179244965979,7.099199738519997,0.95,0.0,0.95,0.7701820213152026,0.8397043122478872,95,0,0.0,0.8990063748732007,1.0,0.9999999776705827,0.0,1.0,5,95,99,4
full_nl_seed2,lstm,PearlCARLA,8,1,13.131293925223487,3.0406566314593215,0.95,0.0,0.95,0.911361891957709,0.9752639808633401,95,0,0.0,0.9210403574454129,1.0,0.9999999888700029,0.0,1.0,5,95,99,4
full_nl_seed2,lstm,PearlCARLA,9,1,18.578215083592575,4.14273030113962,0.95,0.0,0.95,0.8551476333021055,0.9132335671736438,95,0,0.0,0.8945063695951451,1.0,0.9999999844565409,0.0,1.0,5,95,99,4
full_nl_seed2,lstm,CARLA,0,0,12.688614677522507,1.7280029076478374,0.901,0.0,0.9,1.0602729572819554,0.8888990070091183,90,0,1.0,0.9999999986838458,0.0,0.8868437719048253,0.0,0.0,10,90,99,9
full_nl_seed2,lstm,CARLA,1,0,12.454782834539614,1.6345245181263262,0.9,0.0,0.9,0.9862652140428544,0.9082187254819147,90,0,1.0,0.9999999986495989,0.0,0.8927125325473326,0.0,0.0,10,90,99,9
full_nl_seed2,lstm,CARLA,2,0,9.273346809722458,1.2214761030821635,0.901,0.0,0.9,1.0157030072330604,0.9177594518838772,90,0,1.0,0.9999999984623812,0.0,0.9156178602928,0.0,0.0,10,90,99,9
full_nl_seed2,lstm,CARLA,3,0,12.587850614147307,1.637406897630786,0.9,0.0,0.9,0.8286905547691951,0.9157309550839456,90,0,1.0,0.999999997898491,0.0,0.8916829616443526,0.0,0.0,10,90,99,9
full_nl_seed2,lstm,CARLA,4,0,10.345807621450204,1.4526188837729377,0.902,0.0,0.9,0.8031092836400813,0.9535078980890646,90,0,1.0,0.9999999980534278,0.0,0.9107002271882502,0.0,0.0,10,90,99,9
full_nl_seed2,lstm,CARLA,5,0,11.572403504414115,1.5041329592899775,0.9,0.0,0.9,1.0625276181977072,0.8821651297254021,90,0,1.0,0.9999999973703015,0.0,0.8965271188019512,0.0,0.0,10,90,99,9
full_nl_seed2,lstm,CARLA,6,0,12.205748356873926,1.6318125134556927,0.902,0.0,0.9,0.9662673471966452,0.9279085567137405,90,0,1.0,0.9999999962860212,0.0,0.8944627124479115,0.0,0.0,10,90,99,9
full_nl_seed2,lstm,CARLA,7,0,12.268313913269354,1.600172301834031,0.9,0.0,0.9,1.1096517359074556,0.9667046632145602,90,0,1.0,0.9999999979670251,0.0,0.8898327434228847,0.0,0.0,10,90,99,9
full_nl_seed2,lstm,CARLA,8,0,11.551286428208133,1.5404890821442794,0.9,0.0,0.9,0.9474612472468169,0.8936588932638645,90,0,1.0,0.9999999972755919,0.0,0.9044208707826609,0.0,0.0,10,90,99,9
full_nl_seed2,lstm,CARLA,9,0,15.41379904612704,2.0770811992256433,0.9,0.0,0.9,0.7759887847993739,0.9197039100941041,90,0,1.0,0.9999999984614073,0.0,0.8724931287828647,0.0,0.0,10,90,99,9
full_nl_seed2,lstm,PearlCARLA,0,0,9.790912651376592,2.1383543126607467,0.908,0.0,0.9,0.7837432429460881,0.9934782651266013,90,0,0.0,0.8868339603102802,1.0,0.9999999936224381,0.0,0.0,10,90,99,9
full_nl_seed2,lstm,PearlCARLA,1,0,6.642597520727646,1.5384878772662123,0.904,0.0,0.9,0.8802153398160752,0.9763824086452757,90,0,0.0,0.8927118794689654,1.0,0.999999993021467,0.0,0.0,10,90,99,9
full_nl_seed2,lstm,PearlCARLA,2,1,9.641997027396808,2.0194530924482197,0.907,0.0,0.9,0.7030638897672596,0.984812271147951,90,0,0.0,0.9156213776081769,1.0,0.9999999902988107,0.0,1.0,10,90,99,9
full_nl_seed2,lstm,PearlCARLA,3,0,12.281477669481356,2.2703021574475915,0.905,0.0,0.9,0.6383245496971789,0.965247617644653,90,0,0.0,0.8916913402848197,1.0,0.9999999891568739,0.0,0.0,10,90,99,9
full_nl_seed2,lstm,PearlCARLA,4,0,3.2887975241106346,0.6975269570047191,0.919,0.0,0.9,0.775901422998383,0.9728201920472972,90,0,0.0,0.9107001092534811,1.0,0.9999999946750481,0.0,0.0,10,90,99,9
full_nl_seed2,lstm,PearlCARLA,5,0,3.3721497712631368,0.7491028463513146,0.911,0.0,0.9,0.8717344704546233,0.9792195526650335,90,0,0.0,0.8965267649594988,1.0,0.9999999927151716,0.0,0.0,10,90,99,9
full_nl_seed2,lstm,PearlCARLA,6,0,20.853858369655267,4.350141964235912,0.904,0.0,0.9,0.7276829499183178,0.9195634877846067,90,0,0.0,0.8944570208717414,1.0,0.9999999854947049,0.0,0.0,10,90,99,9
full_nl_seed2,lstm,PearlCARLA,7,0,2.6050596845062817,0.7031480957391074,0.912,0.0,0.9,0.8324114555402244,0.9341905022588237,90,0,0.0,0.8898328523107729,1.0,0.999999989828051,0.0,0.0,10,90,99,9
full_nl_seed2,lstm,PearlCARLA,8,0,14.137995218672181,2.8327565609587504,0.908,0.0,0.9,0.7323359981601354,0.9762356487501332,90,0,0.0,0.904419953438868,1.0,0.999999988831284,0.0,0.0,10,90,99,9
full_nl_seed2,lstm,PearlCARLA,9,0,5.470237654805514,1.1635710531041288,0.914,0.0,0.9,0.68183215653449,0.9720416956465463,90,0,0.0,0.8724935701686082,1.0,0.9999999921164064,0.0,0.0,10,90,99,9
full_nl_seed2,lstm,CARLA,0,0,24.829481716718497,2.4437196568360022,0.807,0.0,0.8,0.9904235333428885,0.7862014649288263,80,0,1.0,0.9999999986197926,0.0,0.8832653799346047,0.0,0.0,20,80,99,19
full_nl_seed2,lstm,CARLA,1,0,22.079752345524607,2.109665314213705,0.807,0.0,0.8,0.9687567408926292,0.817523514774729,80,0,1.0,0.9999999991914834,0.0,0.8955054583951957,0.0,0.0,20,80,99,19
full_nl_seed2,lstm,CARLA,2,0,22.21494969267873,2.276651769567718,0.807,0.0,0.8,0.8962486478314444,0.8110103312979368,80,0,1.0,0.9999999991351416,0.0,0.8949210438416813,0.0,0.0,20,80,99,19
full_nl_seed2,lstm,CARLA,3,0,24.25045122205024,2.382089117981766,0.808,0.0,0.8,0.8675603394492742,0.8100702413635638,80,0,1.0,0.9999999995126616,0.0,0.8857915617402019,0.0,0.0,20,80,99,19
full_nl_seed2,lstm,CARLA,4,0,20.611670535963313,1.9644057381884807,0.809,0.0,0.8,1.0011152849601874,0.8519879416453022,80,0,1.0,0.9999999990078146,0.0,0.902030687482179,0.0,0.0,20,80,99,19
full_nl_seed2,lstm,CARLA,5,0,26.761574246650753,2.5395037819316046,0.806,0.0,0.8,0.9351394579932276,0.770909755441449,80,0,1.0,0.9999999993094782,0.0,0.8746212266566255,0.0,0.0,20,80,99,19
full_nl_seed2,lstm,CARLA,6,0,27.871912780892398,2.7010569765954457,0.806,0.0,0.8,0.8768493928224368,0.8164203062316902,80,0,1.0,0.9999999990281387,0.0,0.8699199954729258,0.0,0.0,20,80,99,19
full_nl_seed2,lstm,CARLA,7,0,24.25284743088068,2.209758945780982,0.807,0.0,0.8,0.9586872847153258,0.8718199949596328,80,0,1.0,0.9999999982855113,0.0,0.8857193515159032,0.0,0.0,20,80,99,19
full_nl_seed2,lstm,CARLA,8,0,26.700113590397283,2.4824689089909477,0.806,0.0,0.8,0.8883920968138788,0.7798459922306756,80,0,1.0,0.9999999984913098,0.0,0.8749160952963099,0.0,0.0,20,80,99,19
full_nl_seed2,lstm,CARLA,9,0,26.707308791569695,2.6469188264683807,0.809,0.0,0.8,0.8938192322906531,0.811015610376592,80,0,1.0,0.999999998770688,0.0,0.8751578249052441,0.0,0.0,20,80,99,19
full_nl_seed2,lstm,PearlCARLA,0,0,0.26663354820745716,0.05725408070586169,0.961,0.4,0.84,0.424848521519744,0.9890323940398782,80,0,0.0,0.8832653865825459,1.0,0.9999999917695456,0.0,0.0,20,80,99,19
full_nl_seed2,lstm,PearlCARLA,1,0,0.6529812266471186,0.1982619720415002,0.936,0.0,0.86,1.0465139888280415,0.9994120127646213,80,0,0.0,0.895505443378382,1.0,0.9999999928058169,0.0,0.0,20,80,99,19
full_nl_seed2,lstm,PearlCARLA,2,0,0.7689584217790004,0.16794605465346307,0.938,0.1,0.8,0.42969739569496557,0.9862724281781621,80,0,0.0,0.8949210931296556,1.0,0.9999999933821734,0.0,0.0,20,80,99,19
full_nl_seed2,lstm,PearlCARLA,3,0,0.80087017023566,0.17334282599077913,0.935,0.0,0.8,0.47549226423651725,0.9966183735357155,80,0,0.0,0.885791506919531,1.0,0.9999999926719113,0.0,0.0,20,80,99,19
full_nl_seed2,lstm,PearlCARLA,4,0,0.44586333778079845,0.19081790421296888,0.96,0.2,0.89,1.143865764119153,0.9792432028162471,80,0,0.0,0.9020306649314778,1.0,0.9999999936581047,0.0,0.0,20,80,99,19
full_nl_seed2,lstm,PearlCARLA,5,0,0.49417063515496046,0.15059998309365086,0.944,0.0,0.88,1.053178271400441,0.9772972175081948,80,0,0.0,0.8746209376573835,1.0,0.9999999933656284,0.0,0.0,20,80,99,19
full_nl_seed2,lstm,PearlCARLA,6,0,0.7531065413983834,0.17803628370167648,0.943,0.2,0.8,0.4297366198242912,0.9776359655853424,80,0,0.0,0.8699199043096744,1.0,0.9999999919991773,0.0,0.0,20,80,99,19
full_nl_seed2,lstm,PearlCARLA,7,0,0.09828943710437905,0.020652552227060063,0.978,0.2,0.94,0.8165545834070035,0.936769723016724,80,0,0.0,0.8857193837994976,1.0,0.9999999929737605,0.0,0.0,20,80,99,19
full_nl_seed2,lstm,PearlCARLA,8,0,0.4931942164734402,0.11162277785946766,0.95,0.1,0.81,0.419858816964729,0.972772370848444,80,0,0.0,0.8749160518453988,1.0,0.9999999926878052,0.0,0.0,20,80,99,19
full_nl_seed2,lstm,PearlCARLA,9,0,0.2515651218967953,0.05529748501005506,0.961,0.2,0.85,0.4671630126005028,0.984229514559258,80,0,0.0,0.8751578180293159,1.0,0.9999999919255681,0.0,0.0,20,80,99,19
full_nl_seed2,lstm,CARLA,0,0,55.41544244025378,3.6954566385105108,0.611,0.0,0.61,0.8611170651246671,0.585291359033915,61,1,1.0,0.9999999995507763,0.0,0.8706562218266396,0.0,0.0,40,60,99,39
full_nl_seed2,lstm,CARLA,1,0,45.791512710734864,3.0846692312775654,0.611,0.0,0.61,0.9779843399707817,0.622567248581146,61,1,1.0,0.9999999991966697,0.0,0.8931123492184048,0.0,0.0,40,60,99,39
full_nl_seed2,lstm,CARLA,2,0,46.739664318199864,3.178394256863279,0.615,0.0,0.61,0.9373606082155482,0.6157641020434294,61,1,1.0,0.9999999989701553,0.0,0.8881552370310205,0.0,0.0,40,60,99,39
full_nl_seed2,lstm,CARLA,3,0,48.737829947385336,3.316119015025964,0.614,0.0,0.61,0.9787922682253394,0.5933667078093883,61,1,1.0,0.9999999998456439,0.0,0.8864338150599683,0.0,0.0,40,60,99,39
full_nl_seed2,lstm,CARLA,4,0,48.46802021468117,3.311145461245672,0.612,0.0,0.61,0.9902693332949223,0.6386399546614782,61,1,1.0,0.9999999994831946,0.0,0.8851865961648133,0.0,0.0,40,60,99,39
full_nl_seed2,lstm,CARLA,5,0,49.746890314452045,3.3415291195335426,0.615,0.0,0.61,0.9917862482449009,0.5714679779513472,61,1,1.0,0.9999999996403358,0.0,0.8825542860951708,0.0,0.0,40,60,99,39
full_nl_seed2,lstm,CARLA,6,0,50.913909019937066,3.537101397835768,0.613,0.0,0.61,0.9504338429362906,0.6126272383174993,61,1,1.0,0.9999999994894712,0.0,0.8785863799985142,0.0,0.0,40,60,99,39
full_nl_seed2,lstm,CARLA,7,0,54.860561801548144,3.666186055757569,0.611,0.0,0.61,0.9331558423247432,0.6405336624563519,61,1,1.0,0.999999999305677,0.0,0.871682623145446,0.0,0.0,40,60,99,39
full_nl_seed2,lstm,CARLA,8,0,52.34968195109663,3.427328870494309,0.612,0.0,0.61,0.8857428196891959,0.5933215404757912,61,1,1.0,0.9999999995540831,0.0,0.8781025628570568,0.0,0.0,40,60,99,39
full_nl_seed2,lstm,CARLA,9,0,49.99268982347954,3.3780783887043775,0.612,0.0,0.61,0.9259025849008437,0.6286518094485555,61,1,1.0,0.9999999996462208,0.0,0.8812867463302533,0.0,0.0,40,60,99,39
full_nl_seed2,lstm,PearlCARLA,0,0,0.0027135843386811597,0.0005674156091359625,1.0,1.0,1.0,0.4407944160205358,0.9894614958255293,99,1,nan,nan,nan,nan,0.0,0.0,40,60,99,39
full_nl_seed2,lstm,PearlCARLA,1,0,0.009755451292888184,0.002594084521859959,0.999,0.9,0.99,1.0051422899149536,0.997908910382374,60,0,0.0,0.8918317946878993,1.0,0.9999999923230378,0.0,0.0,40,60,99,39
full_nl_seed2,lstm,PearlCARLA,2,0,0.006419451192060813,0.0016420246723630838,1.0,1.0,1.0,0.4159672344108971,0.9860213053013946,99,1,nan,nan,nan,nan,0.0,0.0,40,60,99,39
full_nl_seed2,lstm,PearlCARLA,3,0,0.01653433769528977,0.004614511546211662,0.997,0.8,0.98,0.8991431879429641,0.9952019109995598,60,0,0.0,0.88528747335056,1.0,0.9999999920884064,0.0,0.0,40,60,99,39
full_nl_seed2,lstm,PearlCARLA,4,0,0.0648178057161757,0.03171990641007554,0.991,0.5,0.96,1.2248808752312592,0.979419672323529,60,0,0.0,0.8858850241839068,1.0,0.9999999913798223,0.0,0.0,40,60,99,39
full_nl_seed2,lstm,PearlCARLA,5,0,0.009013014862714393,0.0029065997752859684,0.999,0.9,0.99,1.0884507967719572,0.9757130042017107,60,0,0.0,0.8830570654800782,1.0,0.9999999933953974,0.0,0.0,40,60,99,39
full_nl_seed2,lstm,PearlCARLA,6,0,0.006593160429616783,0.0017484749470888085,0.999,0.9,0.99,0.41546806698330463,0.9762006493813764,60,0,0.0,0.8804836927049468,1.0,0.9999999925264019,0.0,0.0,40,60,99,39
full_nl_seed2,lstm,PearlCARLA,7,0,0.0019712456896607044,0.0007612884442710018,1.0,1.0,1.0,1.1740738498580605,0.9368896997519542,99,1,nan,nan,nan,nan,0.0,0.0,40,60,99,39
full_nl_seed2,lstm,PearlCARLA,8,0,0.004738084821565862,0.0010974239932208536,1.0,1.0,1.0,0.4153836336764248,0.9735197598127877,99,1,nan,nan,nan,nan,0.0,0.0,40,60,99,39
full_nl_seed2,lstm,PearlCARLA,9,0,0.0022930018908221906,0.0004869457520092189,1.0,1.0,1.0,0.5528230611110807,0.9838216510580166,99,1,nan,nan,nan,nan,0.0,0.0,40,60,99,39
