benchmark,classifier,method,instance,validity,proximity_l1,proximity_l2,sparsity,sparsity_channels,sparsity_timepoints,trsi,scm_noise_plausibility,intervention_t,vacuous,cf_faith_rollout_hard,cf_faith_rollout_soft,cf_faith_pearl_hard,cf_faith_pearl_soft,cf_faith_rollout_hard_valid,cf_faith_pearl_hard_valid
smoke_kuramoto_seed0,lstm,CARLA,0,1,36.90481492741362,5.319223511038223,0.5,0.0,0.5,0.2681446121508285,0.6823866859931794,15,0,1.0,0.9999988179999222,0.0,0.774749357610534,1.0,0.0
smoke_kuramoto_seed0,lstm,CARLA,1,1,56.23659919190554,7.567031973683028,0.26666666666666666,0.0,0.26666666666666666,0.20891214376198836,0.3450650666475942,8,0,1.0,0.9999984073899276,0.0,0.6773946751987625,1.0,0.0
smoke_kuramoto_seed0,lstm,CARLA,2,1,31.086666631513616,5.13642986591339,0.5,0.0,0.5,0.2618248681488231,0.5890459919958543,15,0,1.0,0.9999989331123097,0.0,0.7148183572347205,1.0,0.0
smoke_kuramoto_seed0,lstm,CARLA,3,1,40.03303218016674,6.811887327435484,0.5,0.0,0.5,0.200815362193288,0.6006236348431423,15,0,1.0,0.9999983981107587,0.0,0.7347141876439383,1.0,0.0
smoke_kuramoto_seed0,lstm,CARLA,4,1,20.345907181247526,2.900635744387556,0.5,0.0,0.5,0.3454725590140687,0.5003033173662502,15,0,1.0,0.9999989021748323,0.0,0.8198045407347127,1.0,0.0
smoke_kuramoto_seed0,lstm,CARLA,5,1,36.07052700828259,4.096626594622004,0.26666666666666666,0.0,0.26666666666666666,0.33844423108929544,0.2467305763640406,8,0,1.0,0.999998401003991,0.0,0.7579328793283833,1.0,0.0
smoke_kuramoto_seed0,lstm,CARLA,6,1,36.38049223880652,5.737594740623012,0.5,0.0,0.5,0.2213301226485416,0.7446960873363713,15,0,1.0,0.9999989990543972,0.0,0.7812576316273332,1.0,0.0
smoke_kuramoto_seed0,lstm,CARLA,7,1,89.69274502697071,14.642613399645652,0.26666666666666666,0.0,0.26666666666666666,0.12760196299987767,0.31581464508875895,8,0,1.0,0.9999985342515381,0.0,0.7205921782330587,1.0,0.0
smoke_kuramoto_seed0,lstm,CARLA,8,1,52.00816027876629,8.528264322917293,0.5066666666666667,0.0,0.5,0.19198499565262792,0.7268081123629097,15,0,1.0,0.9999986859066069,0.0,0.782160849582182,1.0,0.0
smoke_kuramoto_seed0,lstm,CARLA,9,1,51.43106945982115,6.413003631039169,0.26666666666666666,0.0,0.26666666666666666,0.2576780918262826,0.3784007423745485,8,0,1.0,0.999998526871887,0.0,0.7722221194013652,1.0,0.0
smoke_kuramoto_seed0,lstm,CARLA,10,0,49.6772487678993,7.7531527949569226,0.5,0.0,0.5,0.19626679012765938,0.7049891611652367,15,0,1.0,0.9999989637597099,0.0,0.7317798329115783,0.0,0.0
smoke_kuramoto_seed0,lstm,CARLA,11,0,25.310905343907784,3.8580972850691104,0.5,0.0,0.5,0.3245983871414514,0.5397462434470071,15,0,1.0,0.9999978160612023,0.0,0.6955867883574838,0.0,0.0
smoke_kuramoto_seed0,lstm,CARLA,12,1,26.936001295057373,4.1709160095333235,0.5,0.0,0.5,0.26750619200482295,0.5330703406979328,15,0,1.0,0.9999990003774964,0.0,0.7924660895479255,1.0,0.0
smoke_kuramoto_seed0,lstm,CARLA,13,1,70.45605660837525,9.027966766795577,0.26666666666666666,0.0,0.26666666666666666,0.18859719993871907,0.3406672194749703,8,0,1.0,0.9999981599619581,0.0,0.694310641233947,1.0,0.0
smoke_kuramoto_seed0,lstm,CARLA,14,1,85.56254577964327,14.345852526101812,0.26666666666666666,0.0,0.26666666666666666,0.15034977841729102,0.5053595265597688,8,0,1.0,0.9999982071563034,0.0,0.7586392687064617,1.0,0.0
smoke_kuramoto_seed0,lstm,CARLA,15,1,39.91481547147619,5.134733701400409,0.5,0.0,0.5,0.26126093787617416,0.6538910544400514,15,0,1.0,0.9999985454885678,0.0,0.7402025604786022,1.0,0.0
smoke_kuramoto_seed0,lstm,CARLA,16,1,61.46453097658755,7.843409101821708,0.26666666666666666,0.0,0.26666666666666666,0.18505193041433457,0.4337354741705182,8,0,1.0,0.999998181249054,0.0,0.6011125445192959,1.0,0.0
smoke_kuramoto_seed0,lstm,CARLA,17,1,34.27506896597254,5.803461656565875,0.5,0.0,0.5,0.2521676966167012,0.6684219623149535,15,0,1.0,0.9999988730907876,0.0,0.8310412265318156,1.0,0.0
smoke_kuramoto_seed0,lstm,CARLA,18,1,76.02820763331715,9.607019524249363,0.26666666666666666,0.0,0.26666666666666666,0.16782484683505697,0.5331946510406188,8,0,1.0,0.9999985468614487,0.0,0.8071383820568224,1.0,0.0
smoke_kuramoto_seed0,lstm,CARLA,19,1,60.750389483426375,7.029281839365423,0.2733333333333333,0.0,0.26666666666666666,0.23245392601835377,0.28287881839890144,8,0,1.0,0.9999983334292157,0.0,0.5786569484287651,1.0,0.0
smoke_kuramoto_seed0,lstm,CausalFeasibility,0,0,833.4750788844184,92.93430829700948,0.013333333333333334,0.0,0.0,0.14240140771288165,0.11156291812120751,0,0,0.0,0.16779747695680744,0.0,0.16863749220511984,0.0,0.0
smoke_kuramoto_seed0,lstm,CausalFeasibility,1,0,816.749247906472,91.48306024790206,0.013333333333333334,0.0,0.0,0.14790946845910297,0.10961006405243337,0,0,0.0,0.17110062668570203,0.0,0.1903853337314242,0.0,0.0
smoke_kuramoto_seed0,lstm,CausalFeasibility,2,0,932.3611259636905,108.9131260473564,0.013333333333333334,0.0,0.0,0.11439616517579156,0.1148372868897936,0,0,0.0,0.18404373858176928,0.0,0.1598375666329677,0.0,0.0
smoke_kuramoto_seed0,lstm,CausalFeasibility,3,0,694.1751899333595,76.22758159726467,0.013333333333333334,0.0,0.0,0.1785755428407797,0.10654850316082809,0,0,0.0,0.177263996334789,0.0,0.17403390607119174,0.0,0.0
smoke_kuramoto_seed0,lstm,CausalFeasibility,4,0,809.2180776311773,98.60664393903772,0.02,0.0,0.0,0.13678860473860932,0.10785521451249482,0,0,0.0,0.18484271084421794,0.0,0.2098543605245073,0.0,0.0
smoke_kuramoto_seed0,lstm,CausalFeasibility,5,0,933.8445832956904,105.69068008091972,0.013333333333333334,0.0,0.0,0.13414900763556,0.104711691986716,0,0,0.0,0.2020720525697906,0.0,0.20204824747512665,0.0,0.0
smoke_kuramoto_seed0,lstm,CausalFeasibility,6,0,687.9723540690258,91.80678714735899,0.013333333333333334,0.0,0.0,0.17520472200906628,0.09102481976522805,0,0,0.0,0.07255304834618415,0.0,0.09179569130615303,0.0,0.0
smoke_kuramoto_seed0,lstm,CausalFeasibility,7,0,715.5275255152326,95.1122263751245,0.013333333333333334,0.0,0.0,0.1426501494152817,0.10472888711064762,0,0,0.0,0.2819833127267273,0.0,0.27585978903107317,0.0,0.0
smoke_kuramoto_seed0,lstm,CausalFeasibility,8,0,660.1610904252047,77.46359517721552,0.006666666666666667,0.0,0.0,0.1582793495140453,0.1198810337404125,0,0,0.0,0.3866175130835521,0.0,0.3311162668781723,0.0,0.0
smoke_kuramoto_seed0,lstm,CausalFeasibility,9,0,867.4240805031955,98.86871236488288,0.006666666666666667,0.0,0.0,0.13712677402938134,0.10649456187075312,0,0,0.0,0.2253480889447843,0.0,0.1746934199128215,0.0,0.0
smoke_kuramoto_seed0,lstm,CausalFeasibility,10,0,842.6718017488943,108.50253445893193,0.02,0.0,0.0,0.13276514041913895,0.10256541547326649,0,0,0.0,0.3811649515814374,0.0,0.3394015151715901,0.0,0.0
smoke_kuramoto_seed0,lstm,CausalFeasibility,11,0,735.3251288046157,87.0254380274543,0.02,0.0,0.0,0.1718284894749208,0.09834993175229723,0,0,0.0,0.18533113622797398,0.0,0.18025476279166602,0.0,0.0
smoke_kuramoto_seed0,lstm,CausalFeasibility,12,0,809.6164108161689,92.81886141748241,0.013333333333333334,0.0,0.0,0.15672251052573172,0.10406382917328318,0,0,0.0,0.2046127249104787,0.0,0.18940662414479859,0.0,0.0
smoke_kuramoto_seed0,lstm,CausalFeasibility,13,0,855.350505487363,104.27474314104988,0.02,0.0,0.0,0.1276236857442641,0.11112955983091281,0,0,0.0,0.12444301980687918,0.0,0.1482824574346747,0.0,0.0
smoke_kuramoto_seed0,lstm,CausalFeasibility,14,0,836.2528120726145,101.42312677247762,0.013333333333333334,0.0,0.0,0.1422138643394485,0.10675306332627954,0,0,0.0,0.2808252682568587,0.0,0.2932461598203695,0.0,0.0
smoke_kuramoto_seed0,lstm,CausalFeasibility,15,0,793.4117888398068,92.90154538513598,0.02,0.0,0.0,0.16278200586589953,0.09364156607865615,0,0,0.0,0.26401770805486346,0.0,0.29804625197113643,0.0,0.0
smoke_kuramoto_seed0,lstm,CausalFeasibility,16,0,875.2486377754874,104.98968315764151,0.013333333333333334,0.0,0.0,0.12537167982811373,0.11107185790567878,0,0,0.0,0.1801724430225336,0.0,0.17030948266679755,0.0,0.0
smoke_kuramoto_seed0,lstm,CausalFeasibility,17,0,592.5728627055663,74.07129329353627,0.006666666666666667,0.0,0.0,0.17731473340896023,0.11503681498362063,0,0,0.0,0.18569238122080273,0.0,0.18172681266619473,0.0,0.0
smoke_kuramoto_seed0,lstm,CausalFeasibility,18,0,749.1894953575497,88.34007479984534,0.013333333333333334,0.0,0.0,0.16125220275213448,0.10027686207597561,0,0,0.0,0.30928227710034706,0.0,0.31187294398215254,0.0,0.0
smoke_kuramoto_seed0,lstm,CausalFeasibility,19,0,874.4778578930379,101.78724751684715,0.013333333333333334,0.0,0.0,0.1313242000380274,0.10562543356859759,0,0,0.0,0.1721283293895094,0.0,0.1673777137648716,0.0,0.0
smoke_kuramoto_seed0,lstm,CftsCels,0,1,53.4494313398411,7.4842599475015685,0.44,0.2,0.0,0.19077936291346073,0.9711450981788027,0,0,0.0,0.689474292685828,0.0,0.7146296935815584,0.0,0.0
smoke_kuramoto_seed0,lstm,CftsCels,1,0,43.55694699391205,6.169438153221333,0.42,0.0,0.0,0.28510822599875457,0.9294051463913434,0,0,0.0,0.6380848708326949,0.0,0.7491693206901308,0.0,0.0
smoke_kuramoto_seed0,lstm,CftsCels,2,1,17.514851923469767,3.744057044866004,0.4266666666666667,0.0,0.0,0.31119450535730336,0.9435340349649615,0,0,0.0,0.6158505710332544,0.0,0.8764606404948214,0.0,0.0
smoke_kuramoto_seed0,lstm,CftsCels,3,1,24.940816936056827,4.897044986068039,0.5733333333333334,0.0,0.0,0.19465752503247497,0.9942321351768804,0,0,0.0,0.6933962603661836,0.0,0.8590479918912973,0.0,0.0
smoke_kuramoto_seed0,lstm,CftsCels,4,1,10.010190012417997,2.3212195905906596,0.16,0.0,0.0,0.3604130794514156,0.9124571460382613,0,0,0.0,0.6730364930786598,0.0,0.9362823121405942,0.0,0.0
smoke_kuramoto_seed0,lstm,CftsCels,5,1,4.825598402959326,0.8274454060949029,0.17333333333333334,0.0,0.0,0.3279533691552863,0.9000038223146875,0,0,0.0,0.7679595131144922,0.0,0.971807465584796,0.0,0.0
smoke_kuramoto_seed0,lstm,CftsCels,6,1,20.45133066664453,4.01194764270007,0.02,0.0,0.0,0.1581363428614741,0.92594713945268,0,0,0.0,0.6198148685319715,0.0,0.8738899165421397,0.0,0.0
smoke_kuramoto_seed0,lstm,CftsCels,7,0,1.5050364451936478,0.8933295443220873,0.9666666666666667,0.8,0.8333333333333334,0.41194117657822854,0.9590419885155362,6,0,0.0,0.7415291573091807,0.0,0.9873358740494128,0.0,0.0
smoke_kuramoto_seed0,lstm,CftsCels,8,1,53.85197203457116,7.69605884033483,0.38666666666666666,0.0,0.0,0.11273331956911935,0.9852817065462768,0,0,0.0,0.6267294759383857,0.0,0.77308797929929,0.0,0.0
smoke_kuramoto_seed0,lstm,CftsCels,9,1,21.05520104046304,3.657383623156346,0.62,0.0,0.3,0.31419058749151835,0.9787174259558701,9,0,0.0,0.6890383681799304,0.0,0.8183890768377904,0.0,0.0
smoke_kuramoto_seed0,lstm,CftsCels,10,1,57.91445998476841,9.459249672713598,0.52,0.2,0.0,0.18123747136042415,0.7909808361891736,0,0,0.0,0.5397162062816331,0.0,0.6803496390263856,0.0,0.0
smoke_kuramoto_seed0,lstm,CftsCels,11,0,0.008889184389181182,0.004159100507758809,0.9933333333333333,0.8,0.9666666666666667,1.8746419091417048,0.9599307871791725,10,0,0.0,0.7477262923006524,1.0,0.9990521996551559,0.0,0.0
smoke_kuramoto_seed0,lstm,CftsCels,12,1,6.4037276125819,1.2047405237767175,0.25333333333333335,0.0,0.0,0.43889717859437444,0.8772469903691545,0,0,0.0,0.6548965088730854,0.0,0.957654075817015,0.0,0.0
smoke_kuramoto_seed0,lstm,CftsCels,13,1,23.252605164582025,4.408145879564962,0.58,0.0,0.26666666666666666,0.23686556853721297,0.9999928598646246,8,0,0.0,0.6446619117941376,0.0,0.8105484749371403,0.0,0.0
smoke_kuramoto_seed0,lstm,CftsCels,14,1,57.141712763001216,11.99207264816838,0.7466666666666667,0.6,0.0,0.10353507667730895,0.8167155127413644,0,0,0.0,0.633027058986181,0.0,0.7445772117291982,0.0,0.0
smoke_kuramoto_seed0,lstm,CftsCels,15,1,13.648106880296345,1.912496092183524,0.14666666666666667,0.0,0.0,0.28356604575114336,0.9967775910154641,0,0,0.0,0.6495680551146703,0.0,0.9193938420339366,0.0,0.0
smoke_kuramoto_seed0,lstm,CftsCels,16,1,22.495785924096023,5.738053670048499,0.5133333333333333,0.0,0.0,0.1576717696837381,0.8551835663853451,0,0,0.0,0.7520068432520952,0.0,0.8605308860215168,0.0,0.0
smoke_kuramoto_seed0,lstm,CftsCels,17,1,45.211140023757295,5.876456986574754,0.48,0.0,0.0,0.21598448254820565,0.9801284373381954,0,0,0.0,0.6508512478849038,0.0,0.7220128643879951,0.0,0.0
smoke_kuramoto_seed0,lstm,CftsCels,18,0,69.02184943894832,8.679480474602213,0.3466666666666667,0.0,0.0,0.19824927957839594,0.8878453028891453,0,0,0.0,0.7061420762250824,0.0,0.6235382537039428,0.0,0.0
smoke_kuramoto_seed0,lstm,CftsCels,19,1,17.072670889165657,3.621365605761799,0.05333333333333334,0.0,0.0,0.21817018994089712,0.8259094190457952,0,0,0.0,0.7107730073309267,0.0,0.8950015239432569,0.0,0.0
smoke_kuramoto_seed0,lstm,CftsCOMTE,0,1,146.44281533958986,12.324831938164754,0.0,0.0,0.0,0.24318230057758264,0.5056471345761939,0,0,0.0,0.3059573420209288,0.0,0.30436382437495996,0.0,0.0
smoke_kuramoto_seed0,lstm,CftsCOMTE,1,1,199.26879104189487,16.711245348091413,0.0,0.0,0.0,0.21476071043925613,0.44438630158823866,0,0,0.0,0.1628797002082023,0.0,0.1754864290662634,0.0,0.0
smoke_kuramoto_seed0,lstm,CftsCOMTE,2,1,145.83095481839212,12.150354922836653,0.0,0.0,0.0,0.204711429327199,0.5305986352880427,0,0,0.0,0.273956928710994,0.0,0.317706587681643,0.0,0.0
smoke_kuramoto_seed0,lstm,CftsCOMTE,3,1,186.4866637728136,16.739913846872582,0.006666666666666667,0.0,0.0,0.1412340325477788,0.5713122299422457,0,0,0.0,0.2879283156131076,0.0,0.34287985706675944,0.0,0.0
smoke_kuramoto_seed0,lstm,CftsCOMTE,4,1,71.98555064854975,5.912863876491255,0.0,0.0,0.0,0.2548359855954778,0.7478991371758722,0,0,0.0,0.5839004346457914,0.0,0.6869631528164429,0.0,0.0
smoke_kuramoto_seed0,lstm,CftsCOMTE,5,1,78.22268794919133,6.482225190591208,0.0,0.0,0.0,0.2112400450547964,0.7297169083694454,0,0,0.0,0.6017690982233851,0.0,0.6060143583389743,0.0,0.0
smoke_kuramoto_seed0,lstm,CftsCOMTE,6,1,143.98542369743114,12.13974157188916,0.0,0.0,0.0,0.2100573029601222,0.5221823802458743,0,0,0.0,0.4091583769649738,0.0,0.4143596250838892,0.0,0.0
smoke_kuramoto_seed0,lstm,CftsCOMTE,7,1,504.9102070906806,42.19539402909961,0.0,0.0,0.0,0.06260261001434143,0.5100333370674623,0,0,0.0,0.28247823193181726,0.0,0.27918803073007353,0.0,0.0
smoke_kuramoto_seed0,lstm,CftsCOMTE,8,1,282.69580187923947,25.191060249319563,0.0,0.0,0.0,0.17023840809276503,0.3781156460562411,0,0,0.0,0.22890293745204887,0.0,0.28890806526507895,0.0,0.0
smoke_kuramoto_seed0,lstm,CftsCOMTE,9,1,189.905366374483,16.19425988508588,0.0,0.0,0.0,0.19084682231319142,0.48360450950917233,0,0,0.0,0.2711483179354416,0.0,0.37448088041475885,0.0,0.0
smoke_kuramoto_seed0,lstm,CftsCOMTE,10,1,382.54895273817294,34.75179432086338,0.0,0.0,0.0,0.17785557889317935,0.23738893532960365,0,0,0.0,0.21578284998420932,0.0,0.24683694878345835,0.0,0.0
smoke_kuramoto_seed0,lstm,CftsCOMTE,11,1,357.07609909485654,30.693263879263927,0.0,0.0,0.0,0.13334932286831042,0.40935857664330194,0,0,0.0,0.14387950967510735,0.0,0.171435423078835,0.0,0.0
smoke_kuramoto_seed0,lstm,CftsCOMTE,12,1,78.0836124730398,6.495611582968378,0.0,0.0,0.0,0.27155689074602873,0.6554516953041849,0,0,0.0,0.4269341514756016,0.0,0.5640886046185769,0.0,0.0
smoke_kuramoto_seed0,lstm,CftsCOMTE,13,1,165.14997988398198,13.994555008540578,0.0,0.0,0.0,0.18095452698161948,0.5263655575667288,0,0,0.0,0.32196110358810315,0.0,0.3761017964956482,0.0,0.0
smoke_kuramoto_seed0,lstm,CftsCOMTE,14,1,308.86691071609437,29.172130932935826,0.0,0.0,0.0,0.1883772471926694,0.28107514911058307,0,0,0.0,0.11676857682675258,0.0,0.1665867361309178,0.0,0.0
smoke_kuramoto_seed0,lstm,CftsCOMTE,15,1,116.32469402458933,9.73574878722152,0.0,0.0,0.0,0.19040008995135504,0.5931918900657819,0,0,0.0,0.4167013157514129,0.0,0.419153136360929,0.0,0.0
smoke_kuramoto_seed0,lstm,CftsCOMTE,16,1,196.97272778104764,16.652494856248513,0.0,0.0,0.0,0.19973727216848322,0.44589373110448755,0,0,0.0,0.15928005631065997,0.0,0.1642740303919954,0.0,0.0
smoke_kuramoto_seed0,lstm,CftsCOMTE,17,1,175.3902987995166,14.895056426925718,0.0,0.0,0.0,0.2143970921402291,0.47649597878114947,0,0,0.0,0.20870569083729582,0.0,0.22421038471710336,0.0,0.0
smoke_kuramoto_seed0,lstm,CftsCOMTE,18,1,186.0492992319891,16.324658207761235,0.0,0.0,0.0,0.20634284093655963,0.4538235568228441,0,0,0.0,0.3443270542738478,0.0,0.2773190189046162,0.0,0.0
smoke_kuramoto_seed0,lstm,CftsCOMTE,19,1,92.05354886944652,7.624605407318364,0.0,0.0,0.0,0.21685778232289607,0.6181806884908833,0,0,0.0,0.44341099955455104,0.0,0.4887850801779373,0.0,0.0
smoke_kuramoto_seed0,lstm,CftsConfeti,0,1,795.7004254886253,132.97489374831255,0.49333333333333335,0.0,0.03333333333333333,1.1902575653192529,0.015190946072316558,0,0,0.0,0.0040551734769126505,0.0,0.00442576736820491,0.0,0.0
smoke_kuramoto_seed0,lstm,CftsConfeti,1,1,1010.4327004797244,149.37804053652587,0.4266666666666667,0.0,0.0,1.041314188875975,0.01513439059053841,0,0,0.0,0.00031407853148373145,0.0,0.0003127563490293871,0.0,0.0
smoke_kuramoto_seed0,lstm,CftsConfeti,2,1,998.6110142902269,154.86321206686853,0.5,0.0,0.0,0.9282328535929258,0.016297382410779652,0,0,0.0,0.0010402495057336102,0.0,0.0010830708185936967,0.0,0.0
smoke_kuramoto_seed0,lstm,CftsConfeti,3,1,741.7707625007245,129.2274319552476,0.56,0.0,0.1,1.2807690451423412,0.015833627390287697,0,0,0.0,0.006214920273311233,0.0,0.006279393461329296,0.0,0.0
smoke_kuramoto_seed0,lstm,CftsConfeti,4,1,1049.0503604591286,153.6025040617598,0.4666666666666667,0.0,0.03333333333333333,0.867949872135039,0.017157355478046962,0,0,0.0,0.000598053104923347,0.0,0.0006754281275251273,0.0,0.0
smoke_kuramoto_seed0,lstm,CftsConfeti,5,1,1133.2869904651154,160.90605929154995,0.42,0.0,0.03333333333333333,0.7041676172495056,0.018516209005080653,0,0,0.0,0.0003374661716897172,0.0,0.0003887812621534162,0.0,0.0
smoke_kuramoto_seed0,lstm,CftsConfeti,6,1,962.7855382085625,144.42568651434578,0.4066666666666667,0.0,0.03333333333333333,1.0739090097541852,0.014619658890381453,0,0,0.0,0.0012522082521124562,0.0,0.001398618541977655,0.0,0.0
smoke_kuramoto_seed0,lstm,CftsConfeti,7,1,1000.476802538057,148.95216953893853,0.4666666666666667,0.0,0.03333333333333333,0.8132840539046851,0.01866931490990137,0,0,0.0,0.000624396105945074,0.0,0.0006585177452008164,0.0,0.0
smoke_kuramoto_seed0,lstm,CftsConfeti,8,1,983.5096639716368,145.1401892247648,0.47333333333333333,0.0,0.0,0.8407483922034277,0.01851931505180319,0,0,0.0,0.0017922321798515286,0.0,0.0017969839301043048,0.0,0.0
smoke_kuramoto_seed0,lstm,CftsConfeti,9,1,948.1736490893619,145.3019814425033,0.49333333333333335,0.0,0.03333333333333333,0.8967191558400117,0.015676781453006713,0,0,0.0,0.0010924425182559443,0.0,0.0014609230128359038,0.0,0.0
smoke_kuramoto_seed0,lstm,CftsConfeti,10,1,892.5852920948407,143.21478333383172,0.4666666666666667,0.0,0.06666666666666667,0.8199693321178446,0.01910726120229684,1,0,0.0,0.002443420677978425,0.0,0.0033860697755653583,0.0,0.0
smoke_kuramoto_seed0,lstm,CftsConfeti,11,1,1067.9284322349554,157.9720532794143,0.4266666666666667,0.0,0.0,0.8303371359605264,0.01689112323768827,0,0,0.0,0.0007830761574561764,0.0,0.0008118123563773872,0.0,0.0
smoke_kuramoto_seed0,lstm,CftsConfeti,12,1,668.492281227878,120.96328512043613,0.5466666666666666,0.0,0.06666666666666667,1.3280301903728273,0.015821238412553274,0,0,0.0,0.002063291201558911,0.0,0.0024646375966400937,0.0,0.0
smoke_kuramoto_seed0,lstm,CftsConfeti,13,1,962.8801889739559,145.70425512299522,0.46,0.0,0.0,0.9892324631068293,0.015114913712815753,0,0,0.0,0.001330761530876505,0.0,0.0013231925529374644,0.0,0.0
smoke_kuramoto_seed0,lstm,CftsConfeti,14,1,920.269462143052,141.64469220254662,0.49333333333333335,0.0,0.03333333333333333,1.0857153390012924,0.014286415266971126,0,0,0.0,0.0014633106285556283,0.0,0.001520995006469185,0.0,0.0
smoke_kuramoto_seed0,lstm,CftsConfeti,15,1,1018.4395599748908,157.25980876990144,0.4533333333333333,0.0,0.0,0.9176593627090943,0.014821533487445401,0,0,0.0,0.0016401639230162724,0.0,0.001363233072312866,0.0,0.0
smoke_kuramoto_seed0,lstm,CftsConfeti,16,1,945.3557534207015,144.7732628562653,0.4666666666666667,0.0,0.0,1.0574127466229286,0.014468793355515534,0,0,0.0,0.000749742437116576,0.0,0.0006765406631286015,0.0,0.0
smoke_kuramoto_seed0,lstm,CftsConfeti,17,1,837.1784759652708,137.60711135194754,0.49333333333333335,0.0,0.0,1.0800593090881412,0.015104836387207393,0,0,0.0,0.0027308379074579866,0.0,0.0031220430825969355,0.0,0.0
smoke_kuramoto_seed0,lstm,CftsConfeti,18,1,1093.7714723018455,159.3097735984153,0.41333333333333333,0.0,0.03333333333333333,0.906254686087576,0.015973642557891306,0,0,0.0,0.0006275920579959733,0.0,0.0006784028167639213,0.0,0.0
smoke_kuramoto_seed0,lstm,CftsConfeti,19,1,954.3623227511625,149.31173568146647,0.52,0.0,0.0,0.9867218312179601,0.013828681673406451,0,0,0.0,0.001922935367648425,0.0,0.0021040912687145773,0.0,0.0
smoke_kuramoto_seed0,lstm,CftsCounts,0,0,222.0999252686879,22.07731435395678,0.0,0.0,0.0,0.16327924022714282,0.4709241895523259,0,0,0.0,0.22654206756741901,0.0,0.23960519215148435,0.0,0.0
smoke_kuramoto_seed0,lstm,CftsCounts,1,0,246.3453040642868,23.86802760933444,0.0,0.0,0.0,0.14416117281462895,0.468173724627641,0,0,0.0,0.22356759706873156,0.0,0.1844045163842754,0.0,0.0
smoke_kuramoto_seed0,lstm,CftsCounts,2,0,256.5972157972461,27.978061298698158,0.0,0.0,0.0,0.13345900621942428,0.47013952172344126,0,0,0.0,0.22033855063493196,0.0,0.23491057314999758,0.0,0.0
smoke_kuramoto_seed0,lstm,CftsCounts,3,0,304.06148596720595,28.143600668320097,0.0,0.0,0.0,0.11103432018565437,0.4744028297014406,0,0,0.0,0.23454974200811005,0.0,0.18596743320617698,0.0,0.0
smoke_kuramoto_seed0,lstm,CftsCounts,4,0,240.3217541573037,23.981738382218268,0.0,0.0,0.0,0.13535985908283443,0.46826171941588074,0,0,0.0,0.22631827408447483,0.0,0.2748974470278688,0.0,0.0
smoke_kuramoto_seed0,lstm,CftsCounts,5,0,241.1041960722438,24.858774638019828,0.0,0.0,0.0,0.13450420117261594,0.4663882433858909,0,0,0.0,0.22947526568112675,0.0,0.20347593821306825,0.0,0.0
smoke_kuramoto_seed0,lstm,CftsCounts,6,0,150.2765367682421,15.01502047176521,0.0,0.0,0.0,0.22648447108024672,0.46971047479549743,0,0,0.0,0.22265424650331533,0.0,0.1532938741722137,0.0,0.0
smoke_kuramoto_seed0,lstm,CftsCounts,7,0,347.29869901859803,32.740672699007355,0.0,0.0,0.0,0.09893055645729053,0.46863151921865714,0,0,0.0,0.22722459567006623,0.0,0.22948121043280267,0.0,0.0
smoke_kuramoto_seed0,lstm,CftsCounts,8,0,254.0633490105924,24.868554706086783,0.0,0.0,0.0,0.14017482610269205,0.47068016475120683,0,0,0.0,0.2339520503357214,0.0,0.21395007533174948,0.0,0.0
smoke_kuramoto_seed0,lstm,CftsCounts,9,0,270.9578192769786,26.716375779564157,0.0,0.0,0.0,0.13019776890235008,0.4649251011828482,0,0,0.0,0.22967073293588458,0.0,0.1813626984600761,0.0,0.0
smoke_kuramoto_seed0,lstm,CftsCounts,10,0,371.8760713178168,35.06433112785253,0.006666666666666667,0.0,0.0,0.0832187462557593,0.4661550680716055,0,0,0.0,0.21990621558716303,0.0,0.14978072844377657,0.0,0.0
smoke_kuramoto_seed0,lstm,CftsCounts,11,0,361.3445601512301,33.15667995736682,0.0,0.0,0.0,0.10071718816154557,0.4720714830312937,0,0,0.0,0.23141801149169164,0.0,0.21995792941323966,0.0,0.0
smoke_kuramoto_seed0,lstm,CftsCounts,12,0,168.0975756281371,17.176207455948806,0.0,0.0,0.0,0.2044420965219935,0.46797669918165846,0,0,0.0,0.22628445127955304,0.0,0.24050781917994912,0.0,0.0
smoke_kuramoto_seed0,lstm,CftsCounts,13,0,373.9727134826901,39.28082051692323,0.0,0.0,0.0,0.08450639837670362,0.4749572411417797,0,0,0.0,0.23038576774435415,0.0,0.19114523320672067,0.0,0.0
smoke_kuramoto_seed0,lstm,CftsCounts,14,0,367.8060394126169,33.76756250132765,0.0,0.0,0.0,0.10250690637559486,0.4652937882821434,0,0,0.0,0.2299314205516963,0.0,0.22358769203271195,0.0,0.0
smoke_kuramoto_seed0,lstm,CftsCounts,15,0,289.2175253253889,28.447447673417262,0.0,0.0,0.0,0.12663649924510692,0.4664984796642985,0,0,0.0,0.22549798810116373,0.0,0.2547003014456982,0.0,0.0
smoke_kuramoto_seed0,lstm,CftsCounts,16,0,309.6975007381119,29.672652327412628,0.0,0.0,0.0,0.11952672142102751,0.4706996969790872,0,0,0.0,0.23661575193686132,0.0,0.18477219072958836,0.0,0.0
smoke_kuramoto_seed0,lstm,CftsCounts,17,0,202.47580572528062,20.134807523753704,0.0,0.0,0.0,0.15795451748039657,0.47118945723083866,0,0,0.0,0.2244239204704032,0.0,0.24526882357324573,0.0,0.0
smoke_kuramoto_seed0,lstm,CftsCounts,18,0,239.41090387605232,23.501346156404228,0.0,0.0,0.0,0.14052283750444003,0.4692172263201687,0,0,0.0,0.22634412313746757,0.0,0.2011629684862841,0.0,0.0
smoke_kuramoto_seed0,lstm,CftsCounts,19,0,304.38340248622256,32.15514945476531,0.0,0.0,0.0,0.11260865147046333,0.46600258824108637,0,0,0.0,0.22622753083385994,0.0,0.2391338285802813,0.0,0.0
smoke_kuramoto_seed0,lstm,CftsWachter,0,1,140.92404533585858,15.002861854413908,0.0,0.0,0.0,0.14371259569041633,0.9923045180425579,0,0,0.0,0.7497419204634848,0.0,0.5868608071207115,0.0,0.0
smoke_kuramoto_seed0,lstm,CftsWachter,1,1,119.48721528975405,13.197030238433813,0.0,0.0,0.0,0.20635713178723106,0.8144823818327037,0,0,0.0,0.6778436929381032,0.0,0.5724123677543289,0.0,0.0
smoke_kuramoto_seed0,lstm,CftsWachter,2,1,206.96429555323533,21.82189012925534,0.0,0.0,0.0,0.12488821236289395,0.765009353584525,0,0,0.0,0.6397586995588856,0.0,0.5161409241402285,0.0,0.0
smoke_kuramoto_seed0,lstm,CftsWachter,3,1,219.7394905284376,22.57748781738127,0.0,0.0,0.0,0.10664990860297514,0.9238623381342531,0,0,0.0,0.6369327619804412,0.0,0.5609801060502994,0.0,0.0
smoke_kuramoto_seed0,lstm,CftsWachter,4,1,261.1027099805472,23.647537764765755,0.0,0.0,0.0,0.08283665419564586,0.9245623680234679,0,0,0.0,0.5926219340822761,0.0,0.6377987339813382,0.0,0.0
smoke_kuramoto_seed0,lstm,CftsWachter,5,1,237.50451373825194,23.399850469029715,0.0,0.0,0.0,0.09970262118348253,0.893032536386825,0,0,0.0,0.6700849619255572,0.0,0.5824958646823415,0.0,0.0
smoke_kuramoto_seed0,lstm,CftsWachter,6,1,189.3990522597009,18.598489254785697,0.0,0.0,0.0,0.13153331815783076,0.921750520989466,0,0,0.0,0.6363297264975505,0.0,0.7537528334435407,0.0,0.0
smoke_kuramoto_seed0,lstm,CftsWachter,7,1,135.93095740256086,16.24293949164027,0.0,0.0,0.0,0.16743850921181064,0.5928818904744896,0,0,0.0,0.45825299513673895,0.0,0.4584414812300735,0.0,0.0
smoke_kuramoto_seed0,lstm,CftsWachter,8,1,272.4071487015425,25.102881468476898,0.0,0.0,0.0,0.10155912804303921,0.7975963033673936,0,0,0.0,0.7104270500268137,0.0,0.5099262645740744,0.0,0.0
smoke_kuramoto_seed0,lstm,CftsWachter,9,1,253.38787452350599,32.92125446971954,0.0,0.0,0.0,0.069723676156673,0.89760788098974,0,0,0.0,0.6858735782410097,0.0,0.4795930564213928,0.0,0.0
smoke_kuramoto_seed0,lstm,CftsWachter,10,1,443.331800092167,39.36855084515596,0.0,0.0,0.0,0.05368610108441592,0.9388417696364124,0,0,0.0,0.5946504048866962,0.0,0.417274980441964,0.0,0.0
smoke_kuramoto_seed0,lstm,CftsWachter,11,1,356.2830351771236,39.635892466541044,0.0,0.0,0.0,0.0576150631068711,0.8752522017167375,0,0,0.0,0.5664996885058945,0.0,0.5572094509201576,0.0,0.0
smoke_kuramoto_seed0,lstm,CftsWachter,12,1,207.75357316323954,19.80570821785585,0.0,0.0,0.0,0.10535416533718027,0.9516586146626279,0,0,0.0,0.5952829211451611,0.0,0.46433604887850194,0.0,0.0
smoke_kuramoto_seed0,lstm,CftsWachter,13,1,298.9931429124005,29.617335900064788,0.0,0.0,0.0,0.09317352000517658,0.6934969268640586,0,0,0.0,0.42439416802352237,0.0,0.5280165960451271,0.0,0.0
smoke_kuramoto_seed0,lstm,CftsWachter,14,1,158.83088151478103,17.081577547916602,0.0,0.0,0.0,0.19489363373656565,0.5846309505500917,0,0,0.0,0.4738881491980345,0.0,0.4754254054576261,0.0,0.0
smoke_kuramoto_seed0,lstm,CftsWachter,15,1,190.76865390712413,20.3502085267835,0.0,0.0,0.0,0.12757091455997863,0.7131661673717644,0,0,0.0,0.5439229908047789,0.0,0.46657126161558826,0.0,0.0
smoke_kuramoto_seed0,lstm,CftsWachter,16,1,208.98065402550196,22.078458089130887,0.0,0.0,0.0,0.1245587233119591,0.792546876072961,0,0,0.0,0.5230967617960695,0.0,0.4478834424247607,0.0,0.0
smoke_kuramoto_seed0,lstm,CftsWachter,17,1,359.606926568562,31.888965093713395,0.0,0.0,0.0,0.07152586996568541,0.9299003140613743,0,0,0.0,0.6074490524977558,0.0,0.5063178250004724,0.0,0.0
smoke_kuramoto_seed0,lstm,CftsWachter,18,1,321.91391267918004,37.54505971974334,0.006666666666666667,0.0,0.0,0.058780009457988974,0.919322364148521,0,0,0.0,0.6581706001138705,0.0,0.6036921807270628,0.0,0.0
smoke_kuramoto_seed0,lstm,CftsWachter,19,1,217.35049370790313,24.022181146355578,0.006666666666666667,0.0,0.0,0.11795766649303772,0.7675546410702101,0,0,0.0,0.4446379155699671,0.0,0.4266664334314296,0.0,0.0
smoke_kuramoto_seed0,lstm,PearlCARLA,0,1,26.34211653177441,5.491833626926763,0.5,0.0,0.5,0.11083160110406376,0.8724162654731007,15,0,0.0,0.77343087068177,1.0,0.9999990099494963,0.0,1.0
smoke_kuramoto_seed0,lstm,PearlCARLA,1,1,34.62444172596542,7.069752790465979,0.5,0.0,0.5,0.09850208044786599,0.8724592525740587,15,0,0.0,0.8050637335585009,1.0,0.9999994522044977,0.0,1.0
smoke_kuramoto_seed0,lstm,PearlCARLA,2,1,27.168118145315262,5.07497175706441,0.5,0.0,0.5,0.09029510901021204,0.8343972998989687,15,0,0.0,0.7195935941344469,1.0,0.9999992819226927,0.0,1.0
smoke_kuramoto_seed0,lstm,PearlCARLA,3,1,50.11296927435737,8.057273516015744,0.26666666666666666,0.0,0.26666666666666666,0.059710307709770094,0.9799491773796665,8,0,0.0,0.645581877219801,1.0,0.9999990202328808,0.0,1.0
smoke_kuramoto_seed0,lstm,PearlCARLA,4,1,18.757945717847683,2.7218570203230037,0.5,0.0,0.5,0.12499936763999954,0.9654152693751064,15,0,0.0,0.8187820851915542,1.0,0.9999994360986795,0.0,1.0
smoke_kuramoto_seed0,lstm,PearlCARLA,5,1,14.989233386356862,2.5865543350753386,0.5,0.0,0.5,0.1082587030779393,0.9879844519109504,15,0,0.0,0.7867262870772562,1.0,0.9999992758610804,0.0,1.0
smoke_kuramoto_seed0,lstm,PearlCARLA,6,1,32.49848733261663,5.853271469971533,0.5,0.0,0.5,0.10485733575609439,0.8320442641666133,15,0,0.0,0.7786125790965427,1.0,0.9999992380670586,0.0,1.0
smoke_kuramoto_seed0,lstm,PearlCARLA,7,1,70.74614345882526,14.351008308616075,0.5,0.0,0.5,0.07360046061057691,0.8406239912277094,15,0,0.0,0.772643310723024,1.0,0.9999990247914247,0.0,1.0
smoke_kuramoto_seed0,lstm,PearlCARLA,8,1,47.34370889838308,9.519446494178526,0.5,0.0,0.5,0.08200602634531877,0.8526990358008201,15,0,0.0,0.7779305534091098,1.0,0.9999993359197019,0.0,1.0
smoke_kuramoto_seed0,lstm,PearlCARLA,9,1,35.160121793648436,6.547272784712032,0.5,0.0,0.5,0.08213465173719199,0.8499501955677952,15,0,0.0,0.8136552007486557,1.0,0.999999459163155,0.0,1.0
smoke_kuramoto_seed0,lstm,PearlCARLA,10,1,106.98126328405324,15.12730332347852,0.26666666666666666,0.0,0.26666666666666666,0.056107204197465774,0.8553812223212353,8,0,0.0,0.6740638186634812,1.0,0.9999991288348766,0.0,1.0
smoke_kuramoto_seed0,lstm,PearlCARLA,11,1,124.11034051547936,16.64055936288152,0.26666666666666666,0.0,0.26666666666666666,0.0587411366127739,0.7070716692799218,8,0,0.0,0.7990016916682263,1.0,0.9999990562548298,0.0,1.0
smoke_kuramoto_seed0,lstm,PearlCARLA,12,1,39.458898517704256,4.6083142356719495,0.26666666666666666,0.0,0.26666666666666666,0.074927703162896,0.9763082694660082,8,0,0.0,0.7305396182925745,1.0,0.9999993139788071,0.0,1.0
smoke_kuramoto_seed0,lstm,PearlCARLA,13,1,56.32707975425759,8.004314972065567,0.26666666666666666,0.0,0.26666666666666666,0.06183294712618827,0.8917968151537263,8,0,0.0,0.6934627568847767,1.0,0.9999989591574802,0.0,1.0
smoke_kuramoto_seed0,lstm,PearlCARLA,14,1,92.0705223178219,14.59771099407911,0.26666666666666666,0.0,0.26666666666666666,0.05276741262945524,0.7323782795995266,8,0,0.0,0.7573379415171017,1.0,0.9999995038984463,0.0,1.0
smoke_kuramoto_seed0,lstm,PearlCARLA,15,1,30.65152615634465,4.190045515752077,0.5,0.0,0.5,0.08496757477967813,0.9072682557586781,15,0,0.0,0.7426559634618205,1.0,0.9999990714908656,0.0,1.0
smoke_kuramoto_seed0,lstm,PearlCARLA,16,1,32.974333372290744,6.907407454238916,0.5,0.0,0.5,0.08468927886067666,0.8379561657645641,15,0,0.0,0.7619480194931261,1.0,0.9999989000470577,0.0,1.0
smoke_kuramoto_seed0,lstm,PearlCARLA,17,1,31.323652528815234,6.132924984072946,0.5,0.0,0.5,0.10873056279488352,0.8641596149140439,15,0,0.0,0.8310121659166484,1.0,0.9999990012489871,0.0,1.0
smoke_kuramoto_seed0,lstm,PearlCARLA,18,1,68.41888088180929,9.697815114297548,0.26666666666666666,0.0,0.26666666666666666,0.06596216993690715,0.8269926318135447,8,0,0.0,0.8065270019980536,1.0,0.9999985911017366,0.0,1.0
smoke_kuramoto_seed0,lstm,PearlCARLA,19,1,18.841943647899893,3.164313643857353,0.5,0.0,0.5,0.08148768524467499,0.8776003856606454,15,0,0.0,0.8362092084442458,1.0,0.9999987805226787,0.0,1.0
smoke_kuramoto_seed0,lstm,TSCausal,0,0,833.4750788844184,92.93430829700948,0.013333333333333334,0.0,0.0,0.14240140771288165,0.11156291812120751,0,0,0.0,0.16779747695680744,0.0,0.16863749220511984,0.0,0.0
smoke_kuramoto_seed0,lstm,TSCausal,1,0,816.749247906472,91.48306024790206,0.013333333333333334,0.0,0.0,0.14790946845910297,0.10961006405243337,0,0,0.0,0.17110062668570203,0.0,0.1903853337314242,0.0,0.0
smoke_kuramoto_seed0,lstm,TSCausal,2,0,932.3611259636905,108.9131260473564,0.013333333333333334,0.0,0.0,0.11439616517579156,0.1148372868897936,0,0,0.0,0.18404373858176928,0.0,0.1598375666329677,0.0,0.0
smoke_kuramoto_seed0,lstm,TSCausal,3,0,694.1751899333595,76.22758159726467,0.013333333333333334,0.0,0.0,0.1785755428407797,0.10654850316082809,0,0,0.0,0.177263996334789,0.0,0.17403390607119174,0.0,0.0
smoke_kuramoto_seed0,lstm,TSCausal,4,0,809.2180776311773,98.60664393903772,0.02,0.0,0.0,0.13678860473860932,0.10785521451249482,0,0,0.0,0.18484271084421794,0.0,0.2098543605245073,0.0,0.0
smoke_kuramoto_seed0,lstm,TSCausal,5,0,933.8445832956904,105.69068008091972,0.013333333333333334,0.0,0.0,0.13414900763556,0.104711691986716,0,0,0.0,0.2020720525697906,0.0,0.20204824747512665,0.0,0.0
smoke_kuramoto_seed0,lstm,TSCausal,6,0,687.9723540690258,91.80678714735899,0.013333333333333334,0.0,0.0,0.17520472200906628,0.09102481976522805,0,0,0.0,0.07255304834618415,0.0,0.09179569130615303,0.0,0.0
smoke_kuramoto_seed0,lstm,TSCausal,7,0,715.5275255152326,95.1122263751245,0.013333333333333334,0.0,0.0,0.1426501494152817,0.10472888711064762,0,0,0.0,0.2819833127267273,0.0,0.27585978903107317,0.0,0.0
smoke_kuramoto_seed0,lstm,TSCausal,8,0,660.1610904252047,77.46359517721552,0.006666666666666667,0.0,0.0,0.1582793495140453,0.1198810337404125,0,0,0.0,0.3866175130835521,0.0,0.3311162668781723,0.0,0.0
smoke_kuramoto_seed0,lstm,TSCausal,9,0,867.4240805031955,98.86871236488288,0.006666666666666667,0.0,0.0,0.13712677402938134,0.10649456187075312,0,0,0.0,0.2253480889447843,0.0,0.1746934199128215,0.0,0.0
smoke_kuramoto_seed0,lstm,TSCausal,10,0,842.6718017488943,108.50253445893193,0.02,0.0,0.0,0.13276514041913895,0.10256541547326649,0,0,0.0,0.3811649515814374,0.0,0.3394015151715901,0.0,0.0
smoke_kuramoto_seed0,lstm,TSCausal,11,0,735.3251288046157,87.0254380274543,0.02,0.0,0.0,0.1718284894749208,0.09834993175229723,0,0,0.0,0.18533113622797398,0.0,0.18025476279166602,0.0,0.0
smoke_kuramoto_seed0,lstm,TSCausal,12,0,809.6164108161689,92.81886141748241,0.013333333333333334,0.0,0.0,0.15672251052573172,0.10406382917328318,0,0,0.0,0.2046127249104787,0.0,0.18940662414479859,0.0,0.0
smoke_kuramoto_seed0,lstm,TSCausal,13,0,855.350505487363,104.27474314104988,0.02,0.0,0.0,0.1276236857442641,0.11112955983091281,0,0,0.0,0.12444301980687918,0.0,0.1482824574346747,0.0,0.0
smoke_kuramoto_seed0,lstm,TSCausal,14,0,836.2528120726145,101.42312677247762,0.013333333333333334,0.0,0.0,0.1422138643394485,0.10675306332627954,0,0,0.0,0.2808252682568587,0.0,0.2932461598203695,0.0,0.0
smoke_kuramoto_seed0,lstm,TSCausal,15,0,793.4117888398068,92.90154538513598,0.02,0.0,0.0,0.16278200586589953,0.09364156607865615,0,0,0.0,0.26401770805486346,0.0,0.29804625197113643,0.0,0.0
smoke_kuramoto_seed0,lstm,TSCausal,16,0,875.2486377754874,104.98968315764151,0.013333333333333334,0.0,0.0,0.12537167982811373,0.11107185790567878,0,0,0.0,0.1801724430225336,0.0,0.17030948266679755,0.0,0.0
smoke_kuramoto_seed0,lstm,TSCausal,17,0,592.5728627055663,74.07129329353627,0.006666666666666667,0.0,0.0,0.17731473340896023,0.11503681498362063,0,0,0.0,0.18569238122080273,0.0,0.18172681266619473,0.0,0.0
smoke_kuramoto_seed0,lstm,TSCausal,18,0,749.1894953575497,88.34007479984534,0.013333333333333334,0.0,0.0,0.16125220275213448,0.10027686207597561,0,0,0.0,0.30928227710034706,0.0,0.31187294398215254,0.0,0.0
smoke_kuramoto_seed0,lstm,TSCausal,19,0,874.4778578930379,101.78724751684715,0.013333333333333334,0.0,0.0,0.1313242000380274,0.10562543356859759,0,0,0.0,0.1721283293895094,0.0,0.1673777137648716,0.0,0.0
