dataset,classifier,method,metric,value
full,lstm,CftsCOMTE,cf_faith_pearl_hard,0.0
full,lstm,CftsCOMTE,cf_faith_pearl_hard_given_valid,0.0
full,lstm,CftsCOMTE,cf_faith_pearl_hard_valid,0.0
full,lstm,CftsCOMTE,cf_faith_pearl_soft,0.9641392263315347
full,lstm,CftsCOMTE,cf_faith_rollout_hard,0.0
full,lstm,CftsCOMTE,cf_faith_rollout_hard_given_valid,0.0
full,lstm,CftsCOMTE,cf_faith_rollout_hard_valid,0.0
full,lstm,CftsCOMTE,cf_faith_rollout_soft,0.7724147893441565
full,lstm,CftsCOMTE,do_complexity_mean,100.0
full,lstm,CftsCOMTE,do_complexity_mean_all,100.0
full,lstm,CftsCOMTE,do_complexity_mean_pearl_scorable,100.0
full,lstm,CftsCOMTE,do_complexity_median,100.0
full,lstm,CftsCOMTE,do_complexity_stability,1.0006060606060607
full,lstm,CftsCOMTE,frac_degenerate,0.0
full,lstm,CftsCOMTE,frac_no_do_schedule,0.0
full,lstm,CftsCOMTE,frac_vacuous,0.0
full,lstm,CftsCOMTE,n,100.0
full,lstm,CftsCOMTE,n_cf_faith_scorable,100.0
full,lstm,CftsCOMTE,n_do_scorable,100.0
full,lstm,CftsCOMTE,ood,0.026844366079310213
full,lstm,CftsCOMTE,pns_PS_A_model_proposed,1.0
full,lstm,CftsCOMTE,pns_PS_B_model_oracle,0.0
full,lstm,CftsCOMTE,pns_PS_C_world_oracle,0.0
full,lstm,CftsCOMTE,pns_PS_delta_outcome,0.0
full,lstm,CftsCOMTE,pns_PS_delta_total,1.0
full,lstm,CftsCOMTE,pns_PS_delta_trajectory,1.0
full,lstm,CftsCOMTE,pns_PS_do_complexity_mean,100.0
full,lstm,CftsCOMTE,pns_PS_do_complexity_median,100.0
full,lstm,CftsCOMTE,pns_PS_frac_no_intervention,0.0
full,lstm,CftsCOMTE,pns_PS_n,100.0
full,lstm,CftsCOMTE,pns_PS_n_scorable,100.0
full,lstm,CftsCOMTE,proximity_l1,30.332054986043463
full,lstm,CftsCOMTE,proximity_l2,3.782048469876542
full,lstm,CftsCOMTE,scm_noise_plausibility,0.6595360347261041
full,lstm,CftsCOMTE,shift_vr,1.0
full,lstm,CftsCOMTE,sparsity,0.9001700000000002
full,lstm,CftsCOMTE,sparsity_channels,0.9000000000000005
full,lstm,CftsCOMTE,sparsity_timepoints,0.0017
full,lstm,CftsCOMTE,trsi,1.465225460710338
full,lstm,CftsCOMTE,validity,1.0
full,lstm,CftsCOMTE,validity_base,1.0
full,lstm,CftsCOMTE,validity_shift,1.0
full,lstm,CftsCels,cf_faith_pearl_hard,0.07547169811320754
full,lstm,CftsCels,cf_faith_pearl_hard_given_valid,0.02
full,lstm,CftsCels,cf_faith_pearl_hard_valid,0.01
full,lstm,CftsCels,cf_faith_pearl_soft,0.992756400545239
full,lstm,CftsCels,cf_faith_rollout_hard,0.0
full,lstm,CftsCels,cf_faith_rollout_hard_given_valid,0.0
full,lstm,CftsCels,cf_faith_rollout_hard_valid,0.0
full,lstm,CftsCels,cf_faith_rollout_soft,0.8580621712973404
full,lstm,CftsCels,do_complexity_mean,3.57
full,lstm,CftsCels,do_complexity_mean_all,3.57
full,lstm,CftsCels,do_complexity_mean_pearl_scorable,6.735849056603773
full,lstm,CftsCels,do_complexity_median,3.0
full,lstm,CftsCels,do_complexity_stability,6.077275783797523
full,lstm,CftsCels,frac_degenerate,0.47
full,lstm,CftsCels,frac_no_do_schedule,0.47
full,lstm,CftsCels,frac_vacuous,0.47
full,lstm,CftsCels,n,100.0
full,lstm,CftsCels,n_cf_faith_scorable,53.0
full,lstm,CftsCels,n_do_scorable,53.0
full,lstm,CftsCels,ood,0.025155398997968988
full,lstm,CftsCels,pns_PS_A_model_proposed,0.9433962264150944
full,lstm,CftsCels,pns_PS_B_model_oracle,0.0
full,lstm,CftsCels,pns_PS_C_world_oracle,0.0
full,lstm,CftsCels,pns_PS_delta_outcome,0.0
full,lstm,CftsCels,pns_PS_delta_total,0.9433962264150944
full,lstm,CftsCels,pns_PS_delta_trajectory,0.9433962264150944
full,lstm,CftsCels,pns_PS_do_complexity_mean,6.735849056603773
full,lstm,CftsCels,pns_PS_do_complexity_median,6.0
full,lstm,CftsCels,pns_PS_frac_no_intervention,0.47
full,lstm,CftsCels,pns_PS_n,100.0
full,lstm,CftsCels,pns_PS_n_scorable,53.0
full,lstm,CftsCels,proximity_l1,0.2927553621988956
full,lstm,CftsCels,proximity_l2,0.15414147832437386
full,lstm,CftsCels,scm_noise_plausibility,0.9777450238737485
full,lstm,CftsCels,shift_vr,1.26
full,lstm,CftsCels,sparsity,0.9901900000000002
full,lstm,CftsCels,sparsity_channels,0.588
full,lstm,CftsCels,sparsity_timepoints,0.9666000000000001
full,lstm,CftsCels,trsi,1.3503411596004145
full,lstm,CftsCels,validity,0.5
full,lstm,CftsCels,validity_base,0.5
full,lstm,CftsCels,validity_shift,0.63
full,lstm,CftsConfeti,cf_faith_pearl_hard,0.0
full,lstm,CftsConfeti,cf_faith_pearl_hard_given_valid,0.0
full,lstm,CftsConfeti,cf_faith_pearl_hard_valid,0.0
full,lstm,CftsConfeti,cf_faith_pearl_soft,0.8387721632987909
full,lstm,CftsConfeti,cf_faith_rollout_hard,0.0
full,lstm,CftsConfeti,cf_faith_rollout_hard_given_valid,0.0
full,lstm,CftsConfeti,cf_faith_rollout_hard_valid,0.0
full,lstm,CftsConfeti,cf_faith_rollout_soft,0.7870272957674188
full,lstm,CftsConfeti,do_complexity_mean,56.0
full,lstm,CftsConfeti,do_complexity_mean_all,56.0
full,lstm,CftsConfeti,do_complexity_mean_pearl_scorable,100.0
full,lstm,CftsConfeti,do_complexity_median,100.0
full,lstm,CftsConfeti,do_complexity_stability,1.0
full,lstm,CftsConfeti,frac_degenerate,0.43999999999999995
full,lstm,CftsConfeti,frac_no_do_schedule,0.43999999999999995
full,lstm,CftsConfeti,frac_vacuous,0.44
full,lstm,CftsConfeti,n,100.0
full,lstm,CftsConfeti,n_cf_faith_scorable,56.0
full,lstm,CftsConfeti,n_do_scorable,56.0
full,lstm,CftsConfeti,ood,0.027275231734189668
full,lstm,CftsConfeti,pns_PS_A_model_proposed,1.0
full,lstm,CftsConfeti,pns_PS_B_model_oracle,0.0
full,lstm,CftsConfeti,pns_PS_C_world_oracle,0.0
full,lstm,CftsConfeti,pns_PS_delta_outcome,0.0
full,lstm,CftsConfeti,pns_PS_delta_total,1.0
full,lstm,CftsConfeti,pns_PS_delta_trajectory,1.0
full,lstm,CftsConfeti,pns_PS_do_complexity_mean,100.0
full,lstm,CftsConfeti,pns_PS_do_complexity_median,100.0
full,lstm,CftsConfeti,pns_PS_frac_no_intervention,0.44
full,lstm,CftsConfeti,pns_PS_n,100.0
full,lstm,CftsConfeti,pns_PS_n_scorable,56.0
full,lstm,CftsConfeti,proximity_l1,93.97584464293678
full,lstm,CftsConfeti,proximity_l2,5.455716321031582
full,lstm,CftsConfeti,scm_noise_plausibility,0.6363379011722431
full,lstm,CftsConfeti,shift_vr,1.0714285714285714
full,lstm,CftsConfeti,sparsity,0.72312
full,lstm,CftsConfeti,sparsity_channels,0.44
full,lstm,CftsConfeti,sparsity_timepoints,0.44060000000000005
full,lstm,CftsConfeti,trsi,1.4368683714829549
full,lstm,CftsConfeti,validity,0.56
full,lstm,CftsConfeti,validity_base,0.56
full,lstm,CftsConfeti,validity_shift,0.6
full,lstm,CftsWachter,cf_faith_pearl_hard,0.0
full,lstm,CftsWachter,cf_faith_pearl_hard_given_valid,0.0
full,lstm,CftsWachter,cf_faith_pearl_hard_valid,0.0
full,lstm,CftsWachter,cf_faith_pearl_soft,0.7163871437207864
full,lstm,CftsWachter,cf_faith_rollout_hard,0.0
full,lstm,CftsWachter,cf_faith_rollout_hard_given_valid,0.0
full,lstm,CftsWachter,cf_faith_rollout_hard_valid,0.0
full,lstm,CftsWachter,cf_faith_rollout_soft,0.7632124010414664
full,lstm,CftsWachter,do_complexity_mean,98.32
full,lstm,CftsWachter,do_complexity_mean_all,98.32
full,lstm,CftsWachter,do_complexity_mean_pearl_scorable,98.32
full,lstm,CftsWachter,do_complexity_median,100.0
full,lstm,CftsWachter,do_complexity_stability,1.0338470880298771
full,lstm,CftsWachter,frac_degenerate,0.0
full,lstm,CftsWachter,frac_no_do_schedule,0.0
full,lstm,CftsWachter,frac_vacuous,0.0
full,lstm,CftsWachter,n,100.0
full,lstm,CftsWachter,n_cf_faith_scorable,100.0
full,lstm,CftsWachter,n_do_scorable,100.0
full,lstm,CftsWachter,ood,0.028419227097137324
full,lstm,CftsWachter,pns_PS_A_model_proposed,0.9
full,lstm,CftsWachter,pns_PS_B_model_oracle,0.0
full,lstm,CftsWachter,pns_PS_C_world_oracle,0.0
full,lstm,CftsWachter,pns_PS_delta_outcome,0.0
full,lstm,CftsWachter,pns_PS_delta_total,0.9
full,lstm,CftsWachter,pns_PS_delta_trajectory,0.9
full,lstm,CftsWachter,pns_PS_do_complexity_mean,98.32
full,lstm,CftsWachter,pns_PS_do_complexity_median,100.0
full,lstm,CftsWachter,pns_PS_frac_no_intervention,0.0
full,lstm,CftsWachter,pns_PS_n,100.0
full,lstm,CftsWachter,pns_PS_n_scorable,100.0
full,lstm,CftsWachter,proximity_l1,344.8840107136436
full,lstm,CftsWachter,proximity_l2,16.871823961575267
full,lstm,CftsWachter,scm_noise_plausibility,0.8560817543451605
full,lstm,CftsWachter,shift_vr,1.0333333333333334
full,lstm,CftsWachter,sparsity,0.049850000000000005
full,lstm,CftsWachter,sparsity_channels,0.0
full,lstm,CftsWachter,sparsity_timepoints,0.0209
full,lstm,CftsWachter,trsi,1.3715003205159988
full,lstm,CftsWachter,validity,0.9
full,lstm,CftsWachter,validity_base,0.9
full,lstm,CftsWachter,validity_shift,0.93
full,lstm,NoiselessSCMRecourse,cf_faith_pearl_hard,0.0
full,lstm,NoiselessSCMRecourse,cf_faith_pearl_hard_given_valid,0.0
full,lstm,NoiselessSCMRecourse,cf_faith_pearl_hard_valid,0.0
full,lstm,NoiselessSCMRecourse,cf_faith_pearl_soft,0.7739143353536063
full,lstm,NoiselessSCMRecourse,cf_faith_rollout_hard,1.0
full,lstm,NoiselessSCMRecourse,cf_faith_rollout_hard_given_valid,1.0
full,lstm,NoiselessSCMRecourse,cf_faith_rollout_hard_valid,1.0
full,lstm,NoiselessSCMRecourse,cf_faith_rollout_soft,0.9999999953339909
full,lstm,NoiselessSCMRecourse,do_complexity_mean,75.0
full,lstm,NoiselessSCMRecourse,do_complexity_mean_all,75.0
full,lstm,NoiselessSCMRecourse,do_complexity_mean_pearl_scorable,75.0
full,lstm,NoiselessSCMRecourse,do_complexity_median,75.0
full,lstm,NoiselessSCMRecourse,do_complexity_stability,1.013513513513514
full,lstm,NoiselessSCMRecourse,frac_degenerate,0.0
full,lstm,NoiselessSCMRecourse,frac_no_do_schedule,0.0
full,lstm,NoiselessSCMRecourse,frac_vacuous,0.0
full,lstm,NoiselessSCMRecourse,n,100.0
full,lstm,NoiselessSCMRecourse,n_cf_faith_scorable,100.0
full,lstm,NoiselessSCMRecourse,n_do_scorable,100.0
full,lstm,NoiselessSCMRecourse,ood,0.07680277378645446
full,lstm,NoiselessSCMRecourse,pns_PS_A_model_proposed,1.0
full,lstm,NoiselessSCMRecourse,pns_PS_B_model_oracle,0.0
full,lstm,NoiselessSCMRecourse,pns_PS_C_world_oracle,0.0
full,lstm,NoiselessSCMRecourse,pns_PS_delta_outcome,0.0
full,lstm,NoiselessSCMRecourse,pns_PS_delta_total,1.0
full,lstm,NoiselessSCMRecourse,pns_PS_delta_trajectory,1.0
full,lstm,NoiselessSCMRecourse,pns_PS_do_complexity_mean,75.0
full,lstm,NoiselessSCMRecourse,pns_PS_do_complexity_median,75.0
full,lstm,NoiselessSCMRecourse,pns_PS_frac_no_intervention,0.0
full,lstm,NoiselessSCMRecourse,pns_PS_n,100.0
full,lstm,NoiselessSCMRecourse,pns_PS_n_scorable,100.0
full,lstm,NoiselessSCMRecourse,proximity_l1,192.45582696468608
full,lstm,NoiselessSCMRecourse,proximity_l2,9.461591124565187
full,lstm,NoiselessSCMRecourse,scm_noise_plausibility,0.2485453828339019
full,lstm,NoiselessSCMRecourse,shift_vr,1.0
full,lstm,NoiselessSCMRecourse,sparsity,0.25346
full,lstm,NoiselessSCMRecourse,sparsity_channels,0.0
full,lstm,NoiselessSCMRecourse,sparsity_timepoints,0.25
full,lstm,NoiselessSCMRecourse,trsi,1.4009715925621973
full,lstm,NoiselessSCMRecourse,validity,1.0
full,lstm,NoiselessSCMRecourse,validity_base,1.0
full,lstm,NoiselessSCMRecourse,validity_shift,1.0
full,lstm,PearlSCMRecourse,cf_faith_pearl_hard,1.0
full,lstm,PearlSCMRecourse,cf_faith_pearl_hard_given_valid,1.0
full,lstm,PearlSCMRecourse,cf_faith_pearl_hard_valid,0.64
full,lstm,PearlSCMRecourse,cf_faith_pearl_soft,0.9999991860032229
full,lstm,PearlSCMRecourse,cf_faith_rollout_hard,0.0
full,lstm,PearlSCMRecourse,cf_faith_rollout_hard_given_valid,0.0
full,lstm,PearlSCMRecourse,cf_faith_rollout_hard_valid,0.0
full,lstm,PearlSCMRecourse,cf_faith_rollout_soft,0.7773229547294317
full,lstm,PearlSCMRecourse,do_complexity_mean,1.0
full,lstm,PearlSCMRecourse,do_complexity_mean_all,1.0
full,lstm,PearlSCMRecourse,do_complexity_mean_pearl_scorable,1.0
full,lstm,PearlSCMRecourse,do_complexity_median,1.0
full,lstm,PearlSCMRecourse,do_complexity_stability,1.0
full,lstm,PearlSCMRecourse,frac_degenerate,0.0
full,lstm,PearlSCMRecourse,frac_no_do_schedule,0.0
full,lstm,PearlSCMRecourse,frac_vacuous,0.0
full,lstm,PearlSCMRecourse,n,100.0
full,lstm,PearlSCMRecourse,n_cf_faith_scorable,100.0
full,lstm,PearlSCMRecourse,n_do_scorable,100.0
full,lstm,PearlSCMRecourse,ood,-0.08788994024934281
full,lstm,PearlSCMRecourse,pns_PS_A_model_proposed,0.64
full,lstm,PearlSCMRecourse,pns_PS_B_model_oracle,0.64
full,lstm,PearlSCMRecourse,pns_PS_C_world_oracle,0.35
full,lstm,PearlSCMRecourse,pns_PS_delta_outcome,0.29000000000000004
full,lstm,PearlSCMRecourse,pns_PS_delta_total,0.29000000000000004
full,lstm,PearlSCMRecourse,pns_PS_delta_trajectory,0.0
full,lstm,PearlSCMRecourse,pns_PS_do_complexity_mean,1.0
full,lstm,PearlSCMRecourse,pns_PS_do_complexity_median,1.0
full,lstm,PearlSCMRecourse,pns_PS_frac_no_intervention,0.0
full,lstm,PearlSCMRecourse,pns_PS_n,100.0
full,lstm,PearlSCMRecourse,pns_PS_n_scorable,100.0
full,lstm,PearlSCMRecourse,proximity_l1,2444.348610611296
full,lstm,PearlSCMRecourse,proximity_l2,230.36875553350234
full,lstm,PearlSCMRecourse,scm_noise_plausibility,0.4176020047161301
full,lstm,PearlSCMRecourse,shift_vr,1.171875
full,lstm,PearlSCMRecourse,sparsity,0.49838
full,lstm,PearlSCMRecourse,sparsity_channels,0.0
full,lstm,PearlSCMRecourse,sparsity_timepoints,0.4975
full,lstm,PearlSCMRecourse,trsi,1.723507572262609
full,lstm,PearlSCMRecourse,validity,0.64
full,lstm,PearlSCMRecourse,validity_base,0.64
full,lstm,PearlSCMRecourse,validity_shift,0.75
full,lstm,TSCausal,cf_faith_pearl_hard,0.0
full,lstm,TSCausal,cf_faith_pearl_hard_given_valid,0.0
full,lstm,TSCausal,cf_faith_pearl_hard_valid,0.0
full,lstm,TSCausal,cf_faith_pearl_soft,0.7721848716056035
full,lstm,TSCausal,cf_faith_rollout_hard,0.55
full,lstm,TSCausal,cf_faith_rollout_hard_given_valid,0.55
full,lstm,TSCausal,cf_faith_rollout_hard_valid,0.55
full,lstm,TSCausal,cf_faith_rollout_soft,0.9990071315676536
full,lstm,TSCausal,do_complexity_mean,100.0
full,lstm,TSCausal,do_complexity_mean_all,100.0
full,lstm,TSCausal,do_complexity_mean_pearl_scorable,100.0
full,lstm,TSCausal,do_complexity_median,100.0
full,lstm,TSCausal,do_complexity_stability,1.0
full,lstm,TSCausal,frac_degenerate,0.0
full,lstm,TSCausal,frac_no_do_schedule,0.0
full,lstm,TSCausal,frac_vacuous,0.0
full,lstm,TSCausal,n,100.0
full,lstm,TSCausal,n_cf_faith_scorable,100.0
full,lstm,TSCausal,n_do_scorable,100.0
full,lstm,TSCausal,ood,0.09910261866346196
full,lstm,TSCausal,pns_PS_A_model_proposed,1.0
full,lstm,TSCausal,pns_PS_B_model_oracle,0.0
full,lstm,TSCausal,pns_PS_C_world_oracle,0.0
full,lstm,TSCausal,pns_PS_delta_outcome,0.0
full,lstm,TSCausal,pns_PS_delta_total,1.0
full,lstm,TSCausal,pns_PS_delta_trajectory,1.0
full,lstm,TSCausal,pns_PS_do_complexity_mean,100.0
full,lstm,TSCausal,pns_PS_do_complexity_median,100.0
full,lstm,TSCausal,pns_PS_frac_no_intervention,0.0
full,lstm,TSCausal,pns_PS_n,100.0
full,lstm,TSCausal,pns_PS_n_scorable,100.0
full,lstm,TSCausal,proximity_l1,267.9190888513669
full,lstm,TSCausal,proximity_l2,11.296870582479619
full,lstm,TSCausal,scm_noise_plausibility,0.0010104338744003887
full,lstm,TSCausal,shift_vr,1.0
full,lstm,TSCausal,sparsity,0.0027800000000000004
full,lstm,TSCausal,sparsity_channels,0.0
full,lstm,TSCausal,sparsity_timepoints,0.0
full,lstm,TSCausal,trsi,1.3996979365168625
full,lstm,TSCausal,validity,1.0
full,lstm,TSCausal,validity_base,1.0
full,lstm,TSCausal,validity_shift,1.0
full,lstm,__dataset__,axis_a_LagAcc,1.0
full,lstm,__dataset__,axis_a_LagF1,1.0
full,lstm,__dataset__,axis_a_ResidualDep,0.0020434192354136377
full,lstm,__dataset__,axis_a_SHD,0.0
full,oracle,OracleCF-Pearl,cf_faith_pearl_hard,1.0
full,oracle,OracleCF-Pearl,cf_faith_pearl_hard_given_valid,1.0
full,oracle,OracleCF-Pearl,cf_faith_pearl_hard_valid,0.42
full,oracle,OracleCF-Pearl,cf_faith_pearl_soft,0.9999999933682723
full,oracle,OracleCF-Pearl,cf_faith_rollout_hard,0.0
full,oracle,OracleCF-Pearl,cf_faith_rollout_hard_given_valid,0.0
full,oracle,OracleCF-Pearl,cf_faith_rollout_hard_valid,0.0
full,oracle,OracleCF-Pearl,cf_faith_rollout_soft,0.7771616655244651
full,oracle,OracleCF-Pearl,do_complexity_mean,1.0
full,oracle,OracleCF-Pearl,do_complexity_mean_all,1.0
full,oracle,OracleCF-Pearl,do_complexity_mean_pearl_scorable,1.0
full,oracle,OracleCF-Pearl,do_complexity_median,1.0
full,oracle,OracleCF-Pearl,do_complexity_stability,1.0
full,oracle,OracleCF-Pearl,frac_degenerate,0.0
full,oracle,OracleCF-Pearl,frac_no_do_schedule,0.0
full,oracle,OracleCF-Pearl,frac_vacuous,0.0
full,oracle,OracleCF-Pearl,n,100.0
full,oracle,OracleCF-Pearl,n_cf_faith_scorable,100.0
full,oracle,OracleCF-Pearl,n_do_scorable,100.0
full,oracle,OracleCF-Pearl,ood,0.020644853458231686
full,oracle,OracleCF-Pearl,proximity_l1,29.346737573217133
full,oracle,OracleCF-Pearl,proximity_l2,3.6571302307825175
full,oracle,OracleCF-Pearl,scm_noise_plausibility,0.9748557653106673
full,oracle,OracleCF-Pearl,sparsity,0.6111000000000001
full,oracle,OracleCF-Pearl,sparsity_channels,0.09
full,oracle,OracleCF-Pearl,sparsity_timepoints,0.549
full,oracle,OracleCF-Pearl,trsi,1.5576225064954567
full,oracle,OracleCF-Pearl,validity,0.42
full,oracle,OracleCF-Rollout,cf_faith_pearl_hard,0.0
full,oracle,OracleCF-Rollout,cf_faith_pearl_hard_given_valid,0.0
full,oracle,OracleCF-Rollout,cf_faith_pearl_hard_valid,0.0
full,oracle,OracleCF-Rollout,cf_faith_pearl_soft,0.7771616656111696
full,oracle,OracleCF-Rollout,cf_faith_rollout_hard,1.0
full,oracle,OracleCF-Rollout,cf_faith_rollout_hard_given_valid,1.0
full,oracle,OracleCF-Rollout,cf_faith_rollout_hard_valid,1.0
full,oracle,OracleCF-Rollout,cf_faith_rollout_soft,0.999999997799617
full,oracle,OracleCF-Rollout,do_complexity_mean,50.0
full,oracle,OracleCF-Rollout,do_complexity_mean_all,50.0
full,oracle,OracleCF-Rollout,do_complexity_mean_pearl_scorable,50.0
full,oracle,OracleCF-Rollout,do_complexity_median,50.0
full,oracle,OracleCF-Rollout,do_complexity_stability,1.0
full,oracle,OracleCF-Rollout,frac_degenerate,0.0
full,oracle,OracleCF-Rollout,frac_no_do_schedule,0.0
full,oracle,OracleCF-Rollout,frac_vacuous,0.0
full,oracle,OracleCF-Rollout,n,100.0
full,oracle,OracleCF-Rollout,n_cf_faith_scorable,100.0
full,oracle,OracleCF-Rollout,n_do_scorable,100.0
full,oracle,OracleCF-Rollout,ood,0.05390765773172132
full,oracle,OracleCF-Rollout,proximity_l1,138.4864400060933
full,oracle,OracleCF-Rollout,proximity_l2,8.494353882145871
full,oracle,OracleCF-Rollout,scm_noise_plausibility,0.5178421939165156
full,oracle,OracleCF-Rollout,sparsity,0.5103300000000001
full,oracle,OracleCF-Rollout,sparsity_channels,0.0
full,oracle,OracleCF-Rollout,sparsity_timepoints,0.5
full,oracle,OracleCF-Rollout,trsi,1.4173018063088125
full,oracle,OracleCF-Rollout,validity,1.0
full_nl,lstm,CftsCOMTE,cf_faith_pearl_hard,0.0
full_nl,lstm,CftsCOMTE,cf_faith_pearl_hard_given_valid,0.0
full_nl,lstm,CftsCOMTE,cf_faith_pearl_hard_valid,0.0
full_nl,lstm,CftsCOMTE,cf_faith_pearl_soft,0.6945048984144832
full_nl,lstm,CftsCOMTE,cf_faith_rollout_hard,0.0
full_nl,lstm,CftsCOMTE,cf_faith_rollout_hard_given_valid,0.0
full_nl,lstm,CftsCOMTE,cf_faith_rollout_hard_valid,0.0
full_nl,lstm,CftsCOMTE,cf_faith_rollout_soft,0.6290234430143503
full_nl,lstm,CftsCOMTE,do_complexity_mean,99.99
full_nl,lstm,CftsCOMTE,do_complexity_mean_all,99.99
full_nl,lstm,CftsCOMTE,do_complexity_mean_pearl_scorable,99.99
full_nl,lstm,CftsCOMTE,do_complexity_median,100.0
full_nl,lstm,CftsCOMTE,do_complexity_stability,1.0015443967340139
full_nl,lstm,CftsCOMTE,frac_degenerate,0.0
full_nl,lstm,CftsCOMTE,frac_no_do_schedule,0.0
full_nl,lstm,CftsCOMTE,frac_vacuous,0.0
full_nl,lstm,CftsCOMTE,n,100.0
full_nl,lstm,CftsCOMTE,n_cf_faith_scorable,100.0
full_nl,lstm,CftsCOMTE,n_do_scorable,100.0
full_nl,lstm,CftsCOMTE,ood,-0.02108817896583865
full_nl,lstm,CftsCOMTE,pns_PS_A_model_proposed,1.0
full_nl,lstm,CftsCOMTE,pns_PS_B_model_oracle,0.16
full_nl,lstm,CftsCOMTE,pns_PS_C_world_oracle,0.16
full_nl,lstm,CftsCOMTE,pns_PS_delta_outcome,0.0
full_nl,lstm,CftsCOMTE,pns_PS_delta_total,0.84
full_nl,lstm,CftsCOMTE,pns_PS_delta_trajectory,0.84
full_nl,lstm,CftsCOMTE,pns_PS_do_complexity_mean,99.99
full_nl,lstm,CftsCOMTE,pns_PS_do_complexity_median,100.0
full_nl,lstm,CftsCOMTE,pns_PS_frac_no_intervention,0.0
full_nl,lstm,CftsCOMTE,pns_PS_n,100.0
full_nl,lstm,CftsCOMTE,pns_PS_n_scorable,100.0
full_nl,lstm,CftsCOMTE,proximity_l1,231.43594462775246
full_nl,lstm,CftsCOMTE,proximity_l2,19.328462335481255
full_nl,lstm,CftsCOMTE,scm_noise_plausibility,0.34910450754162914
full_nl,lstm,CftsCOMTE,shift_vr,1.0
full_nl,lstm,CftsCOMTE,sparsity,0.7942900000000002
full_nl,lstm,CftsCOMTE,sparsity_channels,0.7940000000000002
full_nl,lstm,CftsCOMTE,sparsity_timepoints,0.0005
full_nl,lstm,CftsCOMTE,trsi,1.5331136540102448
full_nl,lstm,CftsCOMTE,validity,1.0
full_nl,lstm,CftsCOMTE,validity_base,1.0
full_nl,lstm,CftsCOMTE,validity_shift,1.0
full_nl,lstm,CftsCels,cf_faith_pearl_hard,0.24
full_nl,lstm,CftsCels,cf_faith_pearl_hard_given_valid,0.0
full_nl,lstm,CftsCels,cf_faith_pearl_hard_valid,0.0
full_nl,lstm,CftsCels,cf_faith_pearl_soft,0.9724303178236573
full_nl,lstm,CftsCels,cf_faith_rollout_hard,0.0
full_nl,lstm,CftsCels,cf_faith_rollout_hard_given_valid,0.0
full_nl,lstm,CftsCels,cf_faith_rollout_hard_valid,0.0
full_nl,lstm,CftsCels,cf_faith_rollout_soft,0.849956868857835
full_nl,lstm,CftsCels,do_complexity_mean,26.35
full_nl,lstm,CftsCels,do_complexity_mean_all,26.35
full_nl,lstm,CftsCels,do_complexity_mean_pearl_scorable,26.35
full_nl,lstm,CftsCels,do_complexity_median,26.5
full_nl,lstm,CftsCels,do_complexity_stability,12.723458611220222
full_nl,lstm,CftsCels,frac_degenerate,0.0
full_nl,lstm,CftsCels,frac_no_do_schedule,0.0
full_nl,lstm,CftsCels,frac_vacuous,0.0
full_nl,lstm,CftsCels,n,100.0
full_nl,lstm,CftsCels,n_cf_faith_scorable,100.0
full_nl,lstm,CftsCels,n_do_scorable,100.0
full_nl,lstm,CftsCels,ood,0.022811076409865006
full_nl,lstm,CftsCels,pns_PS_A_model_proposed,0.76
full_nl,lstm,CftsCels,pns_PS_B_model_oracle,0.0
full_nl,lstm,CftsCels,pns_PS_C_world_oracle,0.0
full_nl,lstm,CftsCels,pns_PS_delta_outcome,0.0
full_nl,lstm,CftsCels,pns_PS_delta_total,0.76
full_nl,lstm,CftsCels,pns_PS_delta_trajectory,0.76
full_nl,lstm,CftsCels,pns_PS_do_complexity_mean,26.35
full_nl,lstm,CftsCels,pns_PS_do_complexity_median,26.5
full_nl,lstm,CftsCels,pns_PS_frac_no_intervention,0.0
full_nl,lstm,CftsCels,pns_PS_n,100.0
full_nl,lstm,CftsCels,pns_PS_n_scorable,100.0
full_nl,lstm,CftsCels,proximity_l1,8.917962106291021
full_nl,lstm,CftsCels,proximity_l2,2.1648272122225616
full_nl,lstm,CftsCels,scm_noise_plausibility,0.9430789399864384
full_nl,lstm,CftsCels,shift_vr,0.9342105263157894
full_nl,lstm,CftsCels,sparsity,0.9256899999999999
full_nl,lstm,CftsCels,sparsity_channels,0.033
full_nl,lstm,CftsCels,sparsity_timepoints,0.7632999999999999
full_nl,lstm,CftsCels,trsi,1.2546115063484662
full_nl,lstm,CftsCels,validity,0.76
full_nl,lstm,CftsCels,validity_base,0.76
full_nl,lstm,CftsCels,validity_shift,0.71
full_nl,lstm,CftsConfeti,cf_faith_pearl_hard,0.0
full_nl,lstm,CftsConfeti,cf_faith_pearl_hard_given_valid,0.0
full_nl,lstm,CftsConfeti,cf_faith_pearl_hard_valid,0.0
full_nl,lstm,CftsConfeti,cf_faith_pearl_soft,0.37662649787345365
full_nl,lstm,CftsConfeti,cf_faith_rollout_hard,0.0
full_nl,lstm,CftsConfeti,cf_faith_rollout_hard_given_valid,0.0
full_nl,lstm,CftsConfeti,cf_faith_rollout_hard_valid,0.0
full_nl,lstm,CftsConfeti,cf_faith_rollout_soft,0.3611374745299334
full_nl,lstm,CftsConfeti,do_complexity_mean,88.0
full_nl,lstm,CftsConfeti,do_complexity_mean_all,88.0
full_nl,lstm,CftsConfeti,do_complexity_mean_pearl_scorable,100.0
full_nl,lstm,CftsConfeti,do_complexity_median,100.0
full_nl,lstm,CftsConfeti,do_complexity_stability,1.0
full_nl,lstm,CftsConfeti,frac_degenerate,0.12
full_nl,lstm,CftsConfeti,frac_no_do_schedule,0.12
full_nl,lstm,CftsConfeti,frac_vacuous,0.12
full_nl,lstm,CftsConfeti,n,100.0
full_nl,lstm,CftsConfeti,n_cf_faith_scorable,88.0
full_nl,lstm,CftsConfeti,n_do_scorable,88.0
full_nl,lstm,CftsConfeti,ood,-0.07375907289166958
full_nl,lstm,CftsConfeti,pns_PS_A_model_proposed,1.0
full_nl,lstm,CftsConfeti,pns_PS_B_model_oracle,0.19318181818181818
full_nl,lstm,CftsConfeti,pns_PS_C_world_oracle,0.19318181818181818
full_nl,lstm,CftsConfeti,pns_PS_delta_outcome,0.0
full_nl,lstm,CftsConfeti,pns_PS_delta_total,0.8068181818181819
full_nl,lstm,CftsConfeti,pns_PS_delta_trajectory,0.8068181818181819
full_nl,lstm,CftsConfeti,pns_PS_do_complexity_mean,100.0
full_nl,lstm,CftsConfeti,pns_PS_do_complexity_median,100.0
full_nl,lstm,CftsConfeti,pns_PS_frac_no_intervention,0.12
full_nl,lstm,CftsConfeti,pns_PS_n,100.0
full_nl,lstm,CftsConfeti,pns_PS_n_scorable,88.0
full_nl,lstm,CftsConfeti,proximity_l1,637.356425768402
full_nl,lstm,CftsConfeti,proximity_l2,35.540277791401365
full_nl,lstm,CftsConfeti,scm_noise_plausibility,0.19816635655468512
full_nl,lstm,CftsConfeti,shift_vr,0.8636363636363636
full_nl,lstm,CftsConfeti,sparsity,0.5601400000000001
full_nl,lstm,CftsConfeti,sparsity_channels,0.12
full_nl,lstm,CftsConfeti,sparsity_timepoints,0.12119999999999999
full_nl,lstm,CftsConfeti,trsi,1.402646602325787
full_nl,lstm,CftsConfeti,validity,0.88
full_nl,lstm,CftsConfeti,validity_base,0.88
full_nl,lstm,CftsConfeti,validity_shift,0.76
full_nl,lstm,CftsWachter,cf_faith_pearl_hard,0.0
full_nl,lstm,CftsWachter,cf_faith_pearl_hard_given_valid,0.0
full_nl,lstm,CftsWachter,cf_faith_pearl_hard_valid,0.0
full_nl,lstm,CftsWachter,cf_faith_pearl_soft,0.7055278702274683
full_nl,lstm,CftsWachter,cf_faith_rollout_hard,0.0
full_nl,lstm,CftsWachter,cf_faith_rollout_hard_given_valid,0.0
full_nl,lstm,CftsWachter,cf_faith_rollout_hard_valid,0.0
full_nl,lstm,CftsWachter,cf_faith_rollout_soft,0.7274948440811845
full_nl,lstm,CftsWachter,do_complexity_mean,99.96
full_nl,lstm,CftsWachter,do_complexity_mean_all,99.96
full_nl,lstm,CftsWachter,do_complexity_mean_pearl_scorable,99.96
full_nl,lstm,CftsWachter,do_complexity_median,100.0
full_nl,lstm,CftsWachter,do_complexity_stability,1.0753024407669611
full_nl,lstm,CftsWachter,frac_degenerate,0.0
full_nl,lstm,CftsWachter,frac_no_do_schedule,0.0
full_nl,lstm,CftsWachter,frac_vacuous,0.0
full_nl,lstm,CftsWachter,n,100.0
full_nl,lstm,CftsWachter,n_cf_faith_scorable,100.0
full_nl,lstm,CftsWachter,n_do_scorable,100.0
full_nl,lstm,CftsWachter,ood,-0.007389908903657971
full_nl,lstm,CftsWachter,pns_PS_A_model_proposed,1.0
full_nl,lstm,CftsWachter,pns_PS_B_model_oracle,0.43
full_nl,lstm,CftsWachter,pns_PS_C_world_oracle,0.43
full_nl,lstm,CftsWachter,pns_PS_delta_outcome,0.0
full_nl,lstm,CftsWachter,pns_PS_delta_total,0.5700000000000001
full_nl,lstm,CftsWachter,pns_PS_delta_trajectory,0.5700000000000001
full_nl,lstm,CftsWachter,pns_PS_do_complexity_mean,99.96
full_nl,lstm,CftsWachter,pns_PS_do_complexity_median,100.0
full_nl,lstm,CftsWachter,pns_PS_frac_no_intervention,0.0
full_nl,lstm,CftsWachter,pns_PS_n,100.0
full_nl,lstm,CftsWachter,pns_PS_n_scorable,100.0
full_nl,lstm,CftsWachter,proximity_l1,1299.3551032761084
full_nl,lstm,CftsWachter,proximity_l2,50.18964139824193
full_nl,lstm,CftsWachter,scm_noise_plausibility,0.6323175085899468
full_nl,lstm,CftsWachter,shift_vr,1.0
full_nl,lstm,CftsWachter,sparsity,0.08275
full_nl,lstm,CftsWachter,sparsity_channels,0.0
full_nl,lstm,CftsWachter,sparsity_timepoints,0.0011
full_nl,lstm,CftsWachter,trsi,1.1889503361272997
full_nl,lstm,CftsWachter,validity,1.0
full_nl,lstm,CftsWachter,validity_base,1.0
full_nl,lstm,CftsWachter,validity_shift,1.0
full_nl,lstm,NoiselessSCMRecourse,cf_faith_pearl_hard,0.0
full_nl,lstm,NoiselessSCMRecourse,cf_faith_pearl_hard_given_valid,0.0
full_nl,lstm,NoiselessSCMRecourse,cf_faith_pearl_hard_valid,0.0
full_nl,lstm,NoiselessSCMRecourse,cf_faith_pearl_soft,0.7454591122395808
full_nl,lstm,NoiselessSCMRecourse,cf_faith_rollout_hard,1.0
full_nl,lstm,NoiselessSCMRecourse,cf_faith_rollout_hard_given_valid,1.0
full_nl,lstm,NoiselessSCMRecourse,cf_faith_rollout_hard_valid,0.49
full_nl,lstm,NoiselessSCMRecourse,cf_faith_rollout_soft,0.9999999092340695
full_nl,lstm,NoiselessSCMRecourse,do_complexity_mean,59.68
full_nl,lstm,NoiselessSCMRecourse,do_complexity_mean_all,59.68
full_nl,lstm,NoiselessSCMRecourse,do_complexity_mean_pearl_scorable,59.68
full_nl,lstm,NoiselessSCMRecourse,do_complexity_median,50.0
full_nl,lstm,NoiselessSCMRecourse,do_complexity_stability,1.0
full_nl,lstm,NoiselessSCMRecourse,frac_degenerate,0.0
full_nl,lstm,NoiselessSCMRecourse,frac_no_do_schedule,0.0
full_nl,lstm,NoiselessSCMRecourse,frac_vacuous,0.07
full_nl,lstm,NoiselessSCMRecourse,n,100.0
full_nl,lstm,NoiselessSCMRecourse,n_cf_faith_scorable,100.0
full_nl,lstm,NoiselessSCMRecourse,n_do_scorable,100.0
full_nl,lstm,NoiselessSCMRecourse,ood,-0.02242465336120759
full_nl,lstm,NoiselessSCMRecourse,pns_PS_A_model_proposed,0.49
full_nl,lstm,NoiselessSCMRecourse,pns_PS_B_model_oracle,0.35
full_nl,lstm,NoiselessSCMRecourse,pns_PS_C_world_oracle,0.35
full_nl,lstm,NoiselessSCMRecourse,pns_PS_delta_outcome,0.0
full_nl,lstm,NoiselessSCMRecourse,pns_PS_delta_total,0.14
full_nl,lstm,NoiselessSCMRecourse,pns_PS_delta_trajectory,0.14
full_nl,lstm,NoiselessSCMRecourse,pns_PS_do_complexity_mean,59.68
full_nl,lstm,NoiselessSCMRecourse,pns_PS_do_complexity_median,50.0
full_nl,lstm,NoiselessSCMRecourse,pns_PS_frac_no_intervention,0.0
full_nl,lstm,NoiselessSCMRecourse,pns_PS_n,100.0
full_nl,lstm,NoiselessSCMRecourse,pns_PS_n_scorable,100.0
full_nl,lstm,NoiselessSCMRecourse,proximity_l1,735.4423714213838
full_nl,lstm,NoiselessSCMRecourse,proximity_l2,37.9186855849734
full_nl,lstm,NoiselessSCMRecourse,scm_noise_plausibility,0.4761087629163161
full_nl,lstm,NoiselessSCMRecourse,shift_vr,0.8163265306122449
full_nl,lstm,NoiselessSCMRecourse,sparsity,0.40391999999999995
full_nl,lstm,NoiselessSCMRecourse,sparsity_channels,0.0
full_nl,lstm,NoiselessSCMRecourse,sparsity_timepoints,0.40319999999999995
full_nl,lstm,NoiselessSCMRecourse,trsi,1.0367288289903247
full_nl,lstm,NoiselessSCMRecourse,validity,0.49
full_nl,lstm,NoiselessSCMRecourse,validity_base,0.49
full_nl,lstm,NoiselessSCMRecourse,validity_shift,0.4
full_nl,lstm,PearlSCMRecourse,cf_faith_pearl_hard,1.0
full_nl,lstm,PearlSCMRecourse,cf_faith_pearl_hard_given_valid,1.0
full_nl,lstm,PearlSCMRecourse,cf_faith_pearl_hard_valid,0.58
full_nl,lstm,PearlSCMRecourse,cf_faith_pearl_soft,0.9999998697521791
full_nl,lstm,PearlSCMRecourse,cf_faith_rollout_hard,0.0
full_nl,lstm,PearlSCMRecourse,cf_faith_rollout_hard_given_valid,0.0
full_nl,lstm,PearlSCMRecourse,cf_faith_rollout_hard_valid,0.0
full_nl,lstm,PearlSCMRecourse,cf_faith_rollout_soft,0.7275564208740097
full_nl,lstm,PearlSCMRecourse,do_complexity_mean,0.87
full_nl,lstm,PearlSCMRecourse,do_complexity_mean_all,0.87
full_nl,lstm,PearlSCMRecourse,do_complexity_mean_pearl_scorable,1.0
full_nl,lstm,PearlSCMRecourse,do_complexity_median,1.0
full_nl,lstm,PearlSCMRecourse,do_complexity_stability,1.0
full_nl,lstm,PearlSCMRecourse,frac_degenerate,0.13
full_nl,lstm,PearlSCMRecourse,frac_no_do_schedule,0.13
full_nl,lstm,PearlSCMRecourse,frac_vacuous,0.13
full_nl,lstm,PearlSCMRecourse,n,100.0
full_nl,lstm,PearlSCMRecourse,n_cf_faith_scorable,87.0
full_nl,lstm,PearlSCMRecourse,n_do_scorable,87.0
full_nl,lstm,PearlSCMRecourse,ood,-0.03303899442320787
full_nl,lstm,PearlSCMRecourse,pns_PS_A_model_proposed,0.6666666666666666
full_nl,lstm,PearlSCMRecourse,pns_PS_B_model_oracle,0.6666666666666666
full_nl,lstm,PearlSCMRecourse,pns_PS_C_world_oracle,0.6666666666666666
full_nl,lstm,PearlSCMRecourse,pns_PS_delta_outcome,0.0
full_nl,lstm,PearlSCMRecourse,pns_PS_delta_total,0.0
full_nl,lstm,PearlSCMRecourse,pns_PS_delta_trajectory,0.0
full_nl,lstm,PearlSCMRecourse,pns_PS_do_complexity_mean,1.0
full_nl,lstm,PearlSCMRecourse,pns_PS_do_complexity_median,1.0
full_nl,lstm,PearlSCMRecourse,pns_PS_frac_no_intervention,0.13
full_nl,lstm,PearlSCMRecourse,pns_PS_n,100.0
full_nl,lstm,PearlSCMRecourse,pns_PS_n_scorable,87.0
full_nl,lstm,PearlSCMRecourse,proximity_l1,642.6220114582643
full_nl,lstm,PearlSCMRecourse,proximity_l2,34.2708512454153
full_nl,lstm,PearlSCMRecourse,scm_noise_plausibility,0.927397563047034
full_nl,lstm,PearlSCMRecourse,shift_vr,0.7758620689655173
full_nl,lstm,PearlSCMRecourse,sparsity,0.53704
full_nl,lstm,PearlSCMRecourse,sparsity_channels,0.13
full_nl,lstm,PearlSCMRecourse,sparsity_timepoints,0.5337
full_nl,lstm,PearlSCMRecourse,trsi,1.0440119405207873
full_nl,lstm,PearlSCMRecourse,validity,0.58
full_nl,lstm,PearlSCMRecourse,validity_base,0.58
full_nl,lstm,PearlSCMRecourse,validity_shift,0.45
full_nl,lstm,TSCausal,cf_faith_pearl_hard,0.0
full_nl,lstm,TSCausal,cf_faith_pearl_hard_valid,0.0
full_nl,lstm,TSCausal,cf_faith_pearl_soft,0.42065324403047166
full_nl,lstm,TSCausal,cf_faith_rollout_hard,0.0
full_nl,lstm,TSCausal,cf_faith_rollout_hard_valid,0.0
full_nl,lstm,TSCausal,cf_faith_rollout_soft,0.9855502200881944
full_nl,lstm,TSCausal,do_complexity_mean,100.0
full_nl,lstm,TSCausal,do_complexity_mean_all,100.0
full_nl,lstm,TSCausal,do_complexity_mean_pearl_scorable,100.0
full_nl,lstm,TSCausal,do_complexity_median,100.0
full_nl,lstm,TSCausal,do_complexity_stability,1.0
full_nl,lstm,TSCausal,frac_degenerate,0.0
full_nl,lstm,TSCausal,frac_no_do_schedule,0.0
full_nl,lstm,TSCausal,frac_vacuous,0.0
full_nl,lstm,TSCausal,n,100.0
full_nl,lstm,TSCausal,n_cf_faith_scorable,100.0
full_nl,lstm,TSCausal,n_do_scorable,100.0
full_nl,lstm,TSCausal,ood,0.04613951624925052
full_nl,lstm,TSCausal,pns_PS_A_model_proposed,0.0
full_nl,lstm,TSCausal,pns_PS_B_model_oracle,0.36
full_nl,lstm,TSCausal,pns_PS_C_world_oracle,0.36
full_nl,lstm,TSCausal,pns_PS_delta_outcome,0.0
full_nl,lstm,TSCausal,pns_PS_delta_total,-0.36
full_nl,lstm,TSCausal,pns_PS_delta_trajectory,-0.36
full_nl,lstm,TSCausal,pns_PS_do_complexity_mean,100.0
full_nl,lstm,TSCausal,pns_PS_do_complexity_median,100.0
full_nl,lstm,TSCausal,pns_PS_frac_no_intervention,0.0
full_nl,lstm,TSCausal,pns_PS_n,100.0
full_nl,lstm,TSCausal,pns_PS_n_scorable,100.0
full_nl,lstm,TSCausal,proximity_l1,183.84493793246557
full_nl,lstm,TSCausal,proximity_l2,10.656371635628089
full_nl,lstm,TSCausal,scm_noise_plausibility,0.0029563638281377906
full_nl,lstm,TSCausal,sparsity,0.00617
full_nl,lstm,TSCausal,sparsity_channels,0.0
full_nl,lstm,TSCausal,sparsity_timepoints,0.0
full_nl,lstm,TSCausal,trsi,1.133324993070006
full_nl,lstm,TSCausal,validity,0.0
full_nl,lstm,TSCausal,validity_base,0.0
full_nl,lstm,TSCausal,validity_shift,0.0
full_nl,lstm,__dataset__,axis_a_LagAcc,1.0
full_nl,lstm,__dataset__,axis_a_LagF1,1.0
full_nl,lstm,__dataset__,axis_a_ResidualDep,0.0022212846554196084
full_nl,lstm,__dataset__,axis_a_SHD,0.0
full_nl,oracle,OracleCF-Pearl,cf_faith_pearl_hard,1.0
full_nl,oracle,OracleCF-Pearl,cf_faith_pearl_hard_given_valid,1.0
full_nl,oracle,OracleCF-Pearl,cf_faith_pearl_hard_valid,0.43
full_nl,oracle,OracleCF-Pearl,cf_faith_pearl_soft,0.999999970981455
full_nl,oracle,OracleCF-Pearl,cf_faith_rollout_hard,0.0
full_nl,oracle,OracleCF-Pearl,cf_faith_rollout_hard_given_valid,0.0
full_nl,oracle,OracleCF-Pearl,cf_faith_rollout_hard_valid,0.0
full_nl,oracle,OracleCF-Pearl,cf_faith_rollout_soft,0.8699344435560034
full_nl,oracle,OracleCF-Pearl,do_complexity_mean,1.0
full_nl,oracle,OracleCF-Pearl,do_complexity_mean_all,1.0
full_nl,oracle,OracleCF-Pearl,do_complexity_mean_pearl_scorable,1.0
full_nl,oracle,OracleCF-Pearl,do_complexity_median,1.0
full_nl,oracle,OracleCF-Pearl,do_complexity_stability,1.0
full_nl,oracle,OracleCF-Pearl,frac_degenerate,0.0
full_nl,oracle,OracleCF-Pearl,frac_no_do_schedule,0.0
full_nl,oracle,OracleCF-Pearl,frac_vacuous,0.0
full_nl,oracle,OracleCF-Pearl,n,100.0
full_nl,oracle,OracleCF-Pearl,n_cf_faith_scorable,100.0
full_nl,oracle,OracleCF-Pearl,n_do_scorable,100.0
full_nl,oracle,OracleCF-Pearl,ood,0.019657697596897738
full_nl,oracle,OracleCF-Pearl,proximity_l1,24.734855463976817
full_nl,oracle,OracleCF-Pearl,proximity_l2,3.255885705622004
full_nl,oracle,OracleCF-Pearl,scm_noise_plausibility,0.9741070441416518
full_nl,oracle,OracleCF-Pearl,sparsity,0.94258
full_nl,oracle,OracleCF-Pearl,sparsity_channels,0.31200000000000006
full_nl,oracle,OracleCF-Pearl,sparsity_timepoints,0.8822
full_nl,oracle,OracleCF-Pearl,trsi,1.371398641059333
full_nl,oracle,OracleCF-Pearl,validity,0.43
full_nl,oracle,OracleCF-Rollout,cf_faith_pearl_hard,0.0
full_nl,oracle,OracleCF-Rollout,cf_faith_pearl_hard_given_valid,0.0
full_nl,oracle,OracleCF-Rollout,cf_faith_pearl_hard_valid,0.0
full_nl,oracle,OracleCF-Rollout,cf_faith_pearl_soft,0.8699344431831442
full_nl,oracle,OracleCF-Rollout,cf_faith_rollout_hard,1.0
full_nl,oracle,OracleCF-Rollout,cf_faith_rollout_hard_given_valid,1.0
full_nl,oracle,OracleCF-Rollout,cf_faith_rollout_hard_valid,0.41
full_nl,oracle,OracleCF-Rollout,cf_faith_rollout_soft,0.9999999710139389
full_nl,oracle,OracleCF-Rollout,do_complexity_mean,50.0
full_nl,oracle,OracleCF-Rollout,do_complexity_mean_all,50.0
full_nl,oracle,OracleCF-Rollout,do_complexity_mean_pearl_scorable,50.0
full_nl,oracle,OracleCF-Rollout,do_complexity_median,50.0
full_nl,oracle,OracleCF-Rollout,do_complexity_stability,1.0
full_nl,oracle,OracleCF-Rollout,frac_degenerate,0.0
full_nl,oracle,OracleCF-Rollout,frac_no_do_schedule,0.0
full_nl,oracle,OracleCF-Rollout,frac_vacuous,0.0
full_nl,oracle,OracleCF-Rollout,n,100.0
full_nl,oracle,OracleCF-Rollout,n_cf_faith_scorable,100.0
full_nl,oracle,OracleCF-Rollout,n_do_scorable,100.0
full_nl,oracle,OracleCF-Rollout,ood,0.03983991238921452
full_nl,oracle,OracleCF-Rollout,proximity_l1,83.92008386435823
full_nl,oracle,OracleCF-Rollout,proximity_l2,5.767875728648469
full_nl,oracle,OracleCF-Rollout,scm_noise_plausibility,0.5203084055983499
full_nl,oracle,OracleCF-Rollout,sparsity,0.51205
full_nl,oracle,OracleCF-Rollout,sparsity_channels,0.0
full_nl,oracle,OracleCF-Rollout,sparsity_timepoints,0.5
full_nl,oracle,OracleCF-Rollout,trsi,1.2269726275328197
full_nl,oracle,OracleCF-Rollout,validity,0.41
full_spring,lstm,CftsCOMTE,cf_faith_pearl_hard,0.0
full_spring,lstm,CftsCOMTE,cf_faith_pearl_hard_given_valid,0.0
full_spring,lstm,CftsCOMTE,cf_faith_pearl_hard_valid,0.0
full_spring,lstm,CftsCOMTE,cf_faith_pearl_soft,0.3553479786039784
full_spring,lstm,CftsCOMTE,cf_faith_rollout_hard,0.0
full_spring,lstm,CftsCOMTE,cf_faith_rollout_hard_given_valid,0.0
full_spring,lstm,CftsCOMTE,cf_faith_rollout_hard_valid,0.0
full_spring,lstm,CftsCOMTE,cf_faith_rollout_soft,0.12185346982007808
full_spring,lstm,CftsCOMTE,do_complexity_mean,100.0
full_spring,lstm,CftsCOMTE,do_complexity_mean_all,100.0
full_spring,lstm,CftsCOMTE,do_complexity_mean_pearl_scorable,100.0
full_spring,lstm,CftsCOMTE,do_complexity_median,100.0
full_spring,lstm,CftsCOMTE,do_complexity_stability,1.0005071119356834
full_spring,lstm,CftsCOMTE,frac_degenerate,0.0
full_spring,lstm,CftsCOMTE,frac_no_do_schedule,0.0
full_spring,lstm,CftsCOMTE,frac_vacuous,0.0
full_spring,lstm,CftsCOMTE,n,100.0
full_spring,lstm,CftsCOMTE,n_cf_faith_scorable,100.0
full_spring,lstm,CftsCOMTE,n_do_scorable,100.0
full_spring,lstm,CftsCOMTE,ood,0.0867138561155749
full_spring,lstm,CftsCOMTE,pns_PS_A_model_proposed,1.0
full_spring,lstm,CftsCOMTE,pns_PS_B_model_oracle,0.03
full_spring,lstm,CftsCOMTE,pns_PS_C_world_oracle,0.03
full_spring,lstm,CftsCOMTE,pns_PS_delta_outcome,0.0
full_spring,lstm,CftsCOMTE,pns_PS_delta_total,0.97
full_spring,lstm,CftsCOMTE,pns_PS_delta_trajectory,0.97
full_spring,lstm,CftsCOMTE,pns_PS_do_complexity_mean,100.0
full_spring,lstm,CftsCOMTE,pns_PS_do_complexity_median,100.0
full_spring,lstm,CftsCOMTE,pns_PS_frac_no_intervention,0.0
full_spring,lstm,CftsCOMTE,pns_PS_n,100.0
full_spring,lstm,CftsCOMTE,pns_PS_n_scorable,100.0
full_spring,lstm,CftsCOMTE,proximity_l1,1729.581609044568
full_spring,lstm,CftsCOMTE,proximity_l2,144.25965290413765
full_spring,lstm,CftsCOMTE,scm_noise_plausibility,0.8199040498492084
full_spring,lstm,CftsCOMTE,shift_vr,1.0
full_spring,lstm,CftsCOMTE,sparsity,0.8100200000000002
full_spring,lstm,CftsCOMTE,sparsity_channels,0.8100000000000002
full_spring,lstm,CftsCOMTE,sparsity_timepoints,0.0001
full_spring,lstm,CftsCOMTE,trsi,0.04485306805640847
full_spring,lstm,CftsCOMTE,validity,1.0
full_spring,lstm,CftsCOMTE,validity_base,1.0
full_spring,lstm,CftsCOMTE,validity_shift,1.0
full_spring,lstm,CftsCels,cf_faith_pearl_hard,0.4
full_spring,lstm,CftsCels,cf_faith_pearl_hard_given_valid,0.0
full_spring,lstm,CftsCels,cf_faith_pearl_hard_valid,0.0
full_spring,lstm,CftsCels,cf_faith_pearl_soft,0.9482127030018142
full_spring,lstm,CftsCels,cf_faith_rollout_hard,0.0
full_spring,lstm,CftsCels,cf_faith_rollout_hard_given_valid,0.0
full_spring,lstm,CftsCels,cf_faith_rollout_hard_valid,0.0
full_spring,lstm,CftsCels,cf_faith_rollout_soft,0.24938820575377535
full_spring,lstm,CftsCels,do_complexity_mean,55.26
full_spring,lstm,CftsCels,do_complexity_mean_all,55.26
full_spring,lstm,CftsCels,do_complexity_mean_pearl_scorable,55.26
full_spring,lstm,CftsCels,do_complexity_median,53.0
full_spring,lstm,CftsCels,do_complexity_stability,16.50666488534855
full_spring,lstm,CftsCels,frac_degenerate,0.0
full_spring,lstm,CftsCels,frac_no_do_schedule,0.0
full_spring,lstm,CftsCels,frac_vacuous,0.0
full_spring,lstm,CftsCels,n,100.0
full_spring,lstm,CftsCels,n_cf_faith_scorable,100.0
full_spring,lstm,CftsCels,n_do_scorable,100.0
full_spring,lstm,CftsCels,ood,0.07974449400368804
full_spring,lstm,CftsCels,pns_PS_A_model_proposed,0.31
full_spring,lstm,CftsCels,pns_PS_B_model_oracle,0.0
full_spring,lstm,CftsCels,pns_PS_C_world_oracle,0.01
full_spring,lstm,CftsCels,pns_PS_delta_outcome,-0.01
full_spring,lstm,CftsCels,pns_PS_delta_total,0.3
full_spring,lstm,CftsCels,pns_PS_delta_trajectory,0.31
full_spring,lstm,CftsCels,pns_PS_do_complexity_mean,55.26
full_spring,lstm,CftsCels,pns_PS_do_complexity_median,53.0
full_spring,lstm,CftsCels,pns_PS_frac_no_intervention,0.0
full_spring,lstm,CftsCels,pns_PS_n,100.0
full_spring,lstm,CftsCels,pns_PS_n_scorable,100.0
full_spring,lstm,CftsCels,proximity_l1,50.61793576759588
full_spring,lstm,CftsCels,proximity_l2,7.943991028807817
full_spring,lstm,CftsCels,scm_noise_plausibility,0.939827508893664
full_spring,lstm,CftsCels,shift_vr,1.0
full_spring,lstm,CftsCels,sparsity,0.8634100000000001
full_spring,lstm,CftsCels,sparsity_channels,0.079
full_spring,lstm,CftsCels,sparsity_timepoints,0.5265000000000001
full_spring,lstm,CftsCels,trsi,1.0413375783586978
full_spring,lstm,CftsCels,validity,0.31
full_spring,lstm,CftsCels,validity_base,0.31
full_spring,lstm,CftsCels,validity_shift,0.31
full_spring,lstm,CftsConfeti,cf_faith_pearl_hard,0.0
full_spring,lstm,CftsConfeti,cf_faith_pearl_hard_given_valid,0.0
full_spring,lstm,CftsConfeti,cf_faith_pearl_hard_valid,0.0
full_spring,lstm,CftsConfeti,cf_faith_pearl_soft,0.009506162186381645
full_spring,lstm,CftsConfeti,cf_faith_rollout_hard,0.0
full_spring,lstm,CftsConfeti,cf_faith_rollout_hard_given_valid,0.0
full_spring,lstm,CftsConfeti,cf_faith_rollout_hard_valid,0.0
full_spring,lstm,CftsConfeti,cf_faith_rollout_soft,0.007171400662873424
full_spring,lstm,CftsConfeti,do_complexity_mean,64.0
full_spring,lstm,CftsConfeti,do_complexity_mean_all,64.0
full_spring,lstm,CftsConfeti,do_complexity_mean_pearl_scorable,100.0
full_spring,lstm,CftsConfeti,do_complexity_median,100.0
full_spring,lstm,CftsConfeti,do_complexity_stability,1.0
full_spring,lstm,CftsConfeti,frac_degenerate,0.36
full_spring,lstm,CftsConfeti,frac_no_do_schedule,0.36
full_spring,lstm,CftsConfeti,frac_vacuous,0.36
full_spring,lstm,CftsConfeti,n,100.0
full_spring,lstm,CftsConfeti,n_cf_faith_scorable,64.0
full_spring,lstm,CftsConfeti,n_do_scorable,64.0
full_spring,lstm,CftsConfeti,ood,0.0727903380307574
full_spring,lstm,CftsConfeti,pns_PS_A_model_proposed,1.0
full_spring,lstm,CftsConfeti,pns_PS_B_model_oracle,0.3125
full_spring,lstm,CftsConfeti,pns_PS_C_world_oracle,0.296875
full_spring,lstm,CftsConfeti,pns_PS_delta_outcome,0.015625
full_spring,lstm,CftsConfeti,pns_PS_delta_total,0.703125
full_spring,lstm,CftsConfeti,pns_PS_delta_trajectory,0.6875
full_spring,lstm,CftsConfeti,pns_PS_do_complexity_mean,100.0
full_spring,lstm,CftsConfeti,pns_PS_do_complexity_median,100.0
full_spring,lstm,CftsConfeti,pns_PS_frac_no_intervention,0.36
full_spring,lstm,CftsConfeti,pns_PS_n,100.0
full_spring,lstm,CftsConfeti,pns_PS_n_scorable,64.0
full_spring,lstm,CftsConfeti,proximity_l1,2200.6718129556793
full_spring,lstm,CftsConfeti,proximity_l2,141.7525329681665
full_spring,lstm,CftsConfeti,scm_noise_plausibility,0.372128870857139
full_spring,lstm,CftsConfeti,shift_vr,1.34375
full_spring,lstm,CftsConfeti,sparsity,0.67574
full_spring,lstm,CftsConfeti,sparsity_channels,0.36
full_spring,lstm,CftsConfeti,sparsity_timepoints,0.3608
full_spring,lstm,CftsConfeti,trsi,1.1272234069576932
full_spring,lstm,CftsConfeti,validity,0.64
full_spring,lstm,CftsConfeti,validity_base,0.64
full_spring,lstm,CftsConfeti,validity_shift,0.86
full_spring,lstm,CftsWachter,cf_faith_pearl_hard,0.0
full_spring,lstm,CftsWachter,cf_faith_pearl_hard_given_valid,0.0
full_spring,lstm,CftsWachter,cf_faith_pearl_hard_valid,0.0
full_spring,lstm,CftsWachter,cf_faith_pearl_soft,0.07688492198939072
full_spring,lstm,CftsWachter,cf_faith_rollout_hard,0.0
full_spring,lstm,CftsWachter,cf_faith_rollout_hard_given_valid,0.0
full_spring,lstm,CftsWachter,cf_faith_rollout_hard_valid,0.0
full_spring,lstm,CftsWachter,cf_faith_rollout_soft,0.14575061170317485
full_spring,lstm,CftsWachter,do_complexity_mean,100.0
full_spring,lstm,CftsWachter,do_complexity_mean_all,100.0
full_spring,lstm,CftsWachter,do_complexity_mean_pearl_scorable,100.0
full_spring,lstm,CftsWachter,do_complexity_median,100.0
full_spring,lstm,CftsWachter,do_complexity_stability,1.0
full_spring,lstm,CftsWachter,frac_degenerate,0.0
full_spring,lstm,CftsWachter,frac_no_do_schedule,0.0
full_spring,lstm,CftsWachter,frac_vacuous,0.0
full_spring,lstm,CftsWachter,n,100.0
full_spring,lstm,CftsWachter,n_cf_faith_scorable,100.0
full_spring,lstm,CftsWachter,n_do_scorable,100.0
full_spring,lstm,CftsWachter,ood,0.07107830281440863
full_spring,lstm,CftsWachter,pns_PS_A_model_proposed,0.63
full_spring,lstm,CftsWachter,pns_PS_B_model_oracle,0.38
full_spring,lstm,CftsWachter,pns_PS_C_world_oracle,0.38
full_spring,lstm,CftsWachter,pns_PS_delta_outcome,0.0
full_spring,lstm,CftsWachter,pns_PS_delta_total,0.25
full_spring,lstm,CftsWachter,pns_PS_delta_trajectory,0.25
full_spring,lstm,CftsWachter,pns_PS_do_complexity_mean,100.0
full_spring,lstm,CftsWachter,pns_PS_do_complexity_median,100.0
full_spring,lstm,CftsWachter,pns_PS_frac_no_intervention,0.0
full_spring,lstm,CftsWachter,pns_PS_n,100.0
full_spring,lstm,CftsWachter,pns_PS_n_scorable,100.0
full_spring,lstm,CftsWachter,proximity_l1,9951.785911096225
full_spring,lstm,CftsWachter,proximity_l2,486.64284671516543
full_spring,lstm,CftsWachter,scm_noise_plausibility,0.8360642533652762
full_spring,lstm,CftsWachter,shift_vr,1.111111111111111
full_spring,lstm,CftsWachter,sparsity,0.00406
full_spring,lstm,CftsWachter,sparsity_channels,0.0
full_spring,lstm,CftsWachter,sparsity_timepoints,0.0
full_spring,lstm,CftsWachter,trsi,0.025778868047343573
full_spring,lstm,CftsWachter,validity,0.63
full_spring,lstm,CftsWachter,validity_base,0.63
full_spring,lstm,CftsWachter,validity_shift,0.7
full_spring,lstm,NoiselessSCMRecourse,cf_faith_pearl_hard,0.0
full_spring,lstm,NoiselessSCMRecourse,cf_faith_pearl_hard_given_valid,0.0
full_spring,lstm,NoiselessSCMRecourse,cf_faith_pearl_hard_valid,0.0
full_spring,lstm,NoiselessSCMRecourse,cf_faith_pearl_soft,0.3355998003487944
full_spring,lstm,NoiselessSCMRecourse,cf_faith_rollout_hard,1.0
full_spring,lstm,NoiselessSCMRecourse,cf_faith_rollout_hard_given_valid,1.0
full_spring,lstm,NoiselessSCMRecourse,cf_faith_rollout_hard_valid,1.0
full_spring,lstm,NoiselessSCMRecourse,cf_faith_rollout_soft,0.9999961911886204
full_spring,lstm,NoiselessSCMRecourse,do_complexity_mean,73.0
full_spring,lstm,NoiselessSCMRecourse,do_complexity_mean_all,73.0
full_spring,lstm,NoiselessSCMRecourse,do_complexity_mean_pearl_scorable,73.0
full_spring,lstm,NoiselessSCMRecourse,do_complexity_median,75.0
full_spring,lstm,NoiselessSCMRecourse,do_complexity_stability,1.000204081632653
full_spring,lstm,NoiselessSCMRecourse,frac_degenerate,0.0
full_spring,lstm,NoiselessSCMRecourse,frac_no_do_schedule,0.0
full_spring,lstm,NoiselessSCMRecourse,frac_vacuous,0.0
full_spring,lstm,NoiselessSCMRecourse,n,100.0
full_spring,lstm,NoiselessSCMRecourse,n_cf_faith_scorable,100.0
full_spring,lstm,NoiselessSCMRecourse,n_do_scorable,100.0
full_spring,lstm,NoiselessSCMRecourse,ood,0.06693756854089766
full_spring,lstm,NoiselessSCMRecourse,pns_PS_A_model_proposed,1.0
full_spring,lstm,NoiselessSCMRecourse,pns_PS_B_model_oracle,0.49
full_spring,lstm,NoiselessSCMRecourse,pns_PS_C_world_oracle,0.48
full_spring,lstm,NoiselessSCMRecourse,pns_PS_delta_outcome,0.010000000000000009
full_spring,lstm,NoiselessSCMRecourse,pns_PS_delta_total,0.52
full_spring,lstm,NoiselessSCMRecourse,pns_PS_delta_trajectory,0.51
full_spring,lstm,NoiselessSCMRecourse,pns_PS_do_complexity_mean,73.0
full_spring,lstm,NoiselessSCMRecourse,pns_PS_do_complexity_median,75.0
full_spring,lstm,NoiselessSCMRecourse,pns_PS_frac_no_intervention,0.0
full_spring,lstm,NoiselessSCMRecourse,pns_PS_n,100.0
full_spring,lstm,NoiselessSCMRecourse,pns_PS_n_scorable,100.0
full_spring,lstm,NoiselessSCMRecourse,proximity_l1,2830.4547594505793
full_spring,lstm,NoiselessSCMRecourse,proximity_l2,153.17198798936388
full_spring,lstm,NoiselessSCMRecourse,scm_noise_plausibility,0.3628868551570604
full_spring,lstm,NoiselessSCMRecourse,shift_vr,1.0
full_spring,lstm,NoiselessSCMRecourse,sparsity,0.27105
full_spring,lstm,NoiselessSCMRecourse,sparsity_channels,0.0
full_spring,lstm,NoiselessSCMRecourse,sparsity_timepoints,0.27
full_spring,lstm,NoiselessSCMRecourse,trsi,0.06378048341355828
full_spring,lstm,NoiselessSCMRecourse,validity,1.0
full_spring,lstm,NoiselessSCMRecourse,validity_base,1.0
full_spring,lstm,NoiselessSCMRecourse,validity_shift,1.0
full_spring,lstm,PearlSCMRecourse,cf_faith_pearl_hard,1.0
full_spring,lstm,PearlSCMRecourse,cf_faith_pearl_hard_given_valid,1.0
full_spring,lstm,PearlSCMRecourse,cf_faith_pearl_hard_valid,1.0
full_spring,lstm,PearlSCMRecourse,cf_faith_pearl_soft,0.999998637811187
full_spring,lstm,PearlSCMRecourse,cf_faith_rollout_hard,0.0
full_spring,lstm,PearlSCMRecourse,cf_faith_rollout_hard_given_valid,0.0
full_spring,lstm,PearlSCMRecourse,cf_faith_rollout_hard_valid,0.0
full_spring,lstm,PearlSCMRecourse,cf_faith_rollout_soft,0.32033774962466965
full_spring,lstm,PearlSCMRecourse,do_complexity_mean,1.0
full_spring,lstm,PearlSCMRecourse,do_complexity_mean_all,1.0
full_spring,lstm,PearlSCMRecourse,do_complexity_mean_pearl_scorable,1.0
full_spring,lstm,PearlSCMRecourse,do_complexity_median,1.0
full_spring,lstm,PearlSCMRecourse,do_complexity_stability,1.0
full_spring,lstm,PearlSCMRecourse,frac_degenerate,0.0
full_spring,lstm,PearlSCMRecourse,frac_no_do_schedule,0.0
full_spring,lstm,PearlSCMRecourse,frac_vacuous,0.0
full_spring,lstm,PearlSCMRecourse,n,100.0
full_spring,lstm,PearlSCMRecourse,n_cf_faith_scorable,100.0
full_spring,lstm,PearlSCMRecourse,n_do_scorable,100.0
full_spring,lstm,PearlSCMRecourse,ood,0.07222373498381159
full_spring,lstm,PearlSCMRecourse,pns_PS_A_model_proposed,1.0
full_spring,lstm,PearlSCMRecourse,pns_PS_B_model_oracle,1.0
full_spring,lstm,PearlSCMRecourse,pns_PS_C_world_oracle,0.98
full_spring,lstm,PearlSCMRecourse,pns_PS_delta_outcome,0.020000000000000018
full_spring,lstm,PearlSCMRecourse,pns_PS_delta_total,0.020000000000000018
full_spring,lstm,PearlSCMRecourse,pns_PS_delta_trajectory,0.0
full_spring,lstm,PearlSCMRecourse,pns_PS_do_complexity_mean,1.0
full_spring,lstm,PearlSCMRecourse,pns_PS_do_complexity_median,1.0
full_spring,lstm,PearlSCMRecourse,pns_PS_frac_no_intervention,0.0
full_spring,lstm,PearlSCMRecourse,pns_PS_n,100.0
full_spring,lstm,PearlSCMRecourse,pns_PS_n_scorable,100.0
full_spring,lstm,PearlSCMRecourse,proximity_l1,2225.771965247591
full_spring,lstm,PearlSCMRecourse,proximity_l2,138.25400674322935
full_spring,lstm,PearlSCMRecourse,scm_noise_plausibility,0.932653747591988
full_spring,lstm,PearlSCMRecourse,shift_vr,1.0
full_spring,lstm,PearlSCMRecourse,sparsity,0.25957
full_spring,lstm,PearlSCMRecourse,sparsity_channels,0.005
full_spring,lstm,PearlSCMRecourse,sparsity_timepoints,0.25
full_spring,lstm,PearlSCMRecourse,trsi,0.036118405952524295
full_spring,lstm,PearlSCMRecourse,validity,1.0
full_spring,lstm,PearlSCMRecourse,validity_base,1.0
full_spring,lstm,PearlSCMRecourse,validity_shift,1.0
full_spring,lstm,TSCausal,cf_faith_pearl_hard,0.0
full_spring,lstm,TSCausal,cf_faith_pearl_hard_given_valid,0.0
full_spring,lstm,TSCausal,cf_faith_pearl_hard_valid,0.0
full_spring,lstm,TSCausal,cf_faith_pearl_soft,0.29945745327336004
full_spring,lstm,TSCausal,cf_faith_rollout_hard,0.0
full_spring,lstm,TSCausal,cf_faith_rollout_hard_given_valid,0.0
full_spring,lstm,TSCausal,cf_faith_rollout_hard_valid,0.0
full_spring,lstm,TSCausal,cf_faith_rollout_soft,0.5562528403640815
full_spring,lstm,TSCausal,do_complexity_mean,100.0
full_spring,lstm,TSCausal,do_complexity_mean_all,100.0
full_spring,lstm,TSCausal,do_complexity_mean_pearl_scorable,100.0
full_spring,lstm,TSCausal,do_complexity_median,100.0
full_spring,lstm,TSCausal,do_complexity_stability,1.0
full_spring,lstm,TSCausal,frac_degenerate,0.0
full_spring,lstm,TSCausal,frac_no_do_schedule,0.0
full_spring,lstm,TSCausal,frac_vacuous,0.0
full_spring,lstm,TSCausal,n,100.0
full_spring,lstm,TSCausal,n_cf_faith_scorable,100.0
full_spring,lstm,TSCausal,n_do_scorable,100.0
full_spring,lstm,TSCausal,ood,0.09583079270889774
full_spring,lstm,TSCausal,pns_PS_A_model_proposed,0.05
full_spring,lstm,TSCausal,pns_PS_B_model_oracle,0.04
full_spring,lstm,TSCausal,pns_PS_C_world_oracle,0.04
full_spring,lstm,TSCausal,pns_PS_delta_outcome,0.0
full_spring,lstm,TSCausal,pns_PS_delta_total,0.010000000000000002
full_spring,lstm,TSCausal,pns_PS_delta_trajectory,0.010000000000000002
full_spring,lstm,TSCausal,pns_PS_do_complexity_mean,100.0
full_spring,lstm,TSCausal,pns_PS_do_complexity_median,100.0
full_spring,lstm,TSCausal,pns_PS_frac_no_intervention,0.0
full_spring,lstm,TSCausal,pns_PS_n,100.0
full_spring,lstm,TSCausal,pns_PS_n_scorable,100.0
full_spring,lstm,TSCausal,proximity_l1,1304.397045170553
full_spring,lstm,TSCausal,proximity_l2,60.400566562698074
full_spring,lstm,TSCausal,scm_noise_plausibility,0.021987135494364506
full_spring,lstm,TSCausal,sparsity,0.006580000000000002
full_spring,lstm,TSCausal,sparsity_channels,0.0
full_spring,lstm,TSCausal,sparsity_timepoints,0.0
full_spring,lstm,TSCausal,trsi,0.10169880063205593
full_spring,lstm,TSCausal,validity,0.05
full_spring,lstm,TSCausal,validity_base,0.05
full_spring,lstm,TSCausal,validity_shift,0.09
full_spring,lstm,__dataset__,axis_a_LagAcc,1.0
full_spring,lstm,__dataset__,axis_a_LagF1,1.0
full_spring,lstm,__dataset__,axis_a_ResidualDep,0.0018141753685957237
full_spring,lstm,__dataset__,axis_a_SHD,0.0
full_spring,oracle,OracleCF-Pearl,cf_faith_pearl_hard,1.0
full_spring,oracle,OracleCF-Pearl,cf_faith_pearl_hard_given_valid,1.0
full_spring,oracle,OracleCF-Pearl,cf_faith_pearl_hard_valid,0.45
full_spring,oracle,OracleCF-Pearl,cf_faith_pearl_soft,0.9999997356061792
full_spring,oracle,OracleCF-Pearl,cf_faith_rollout_hard,0.0
full_spring,oracle,OracleCF-Pearl,cf_faith_rollout_hard_given_valid,0.0
full_spring,oracle,OracleCF-Pearl,cf_faith_rollout_hard_valid,0.0
full_spring,oracle,OracleCF-Pearl,cf_faith_rollout_soft,0.4792906539417967
full_spring,oracle,OracleCF-Pearl,do_complexity_mean,1.0
full_spring,oracle,OracleCF-Pearl,do_complexity_mean_all,1.0
full_spring,oracle,OracleCF-Pearl,do_complexity_mean_pearl_scorable,1.0
full_spring,oracle,OracleCF-Pearl,do_complexity_median,1.0
full_spring,oracle,OracleCF-Pearl,do_complexity_stability,1.0
full_spring,oracle,OracleCF-Pearl,frac_degenerate,0.0
full_spring,oracle,OracleCF-Pearl,frac_no_do_schedule,0.0
full_spring,oracle,OracleCF-Pearl,frac_vacuous,0.0
full_spring,oracle,OracleCF-Pearl,n,100.0
full_spring,oracle,OracleCF-Pearl,n_cf_faith_scorable,100.0
full_spring,oracle,OracleCF-Pearl,n_do_scorable,100.0
full_spring,oracle,OracleCF-Pearl,ood,0.0735803639790474
full_spring,oracle,OracleCF-Pearl,proximity_l1,192.3760133061618
full_spring,oracle,OracleCF-Pearl,proximity_l2,20.216313846634804
full_spring,oracle,OracleCF-Pearl,scm_noise_plausibility,0.9719849046375961
full_spring,oracle,OracleCF-Pearl,sparsity,0.8774999999999998
full_spring,oracle,OracleCF-Pearl,sparsity_channels,0.7499999999999999
full_spring,oracle,OracleCF-Pearl,sparsity_timepoints,0.5
full_spring,oracle,OracleCF-Pearl,trsi,0.055272913818228304
full_spring,oracle,OracleCF-Pearl,validity,0.45
full_spring,oracle,OracleCF-Rollout,cf_faith_pearl_hard,0.0
full_spring,oracle,OracleCF-Rollout,cf_faith_pearl_hard_given_valid,0.0
full_spring,oracle,OracleCF-Rollout,cf_faith_pearl_hard_valid,0.0
full_spring,oracle,OracleCF-Rollout,cf_faith_pearl_soft,0.47929065061555215
full_spring,oracle,OracleCF-Rollout,cf_faith_rollout_hard,1.0
full_spring,oracle,OracleCF-Rollout,cf_faith_rollout_hard_given_valid,1.0
full_spring,oracle,OracleCF-Rollout,cf_faith_rollout_hard_valid,0.45
full_spring,oracle,OracleCF-Rollout,cf_faith_rollout_soft,0.9999997508829391
full_spring,oracle,OracleCF-Rollout,do_complexity_mean,50.0
full_spring,oracle,OracleCF-Rollout,do_complexity_mean_all,50.0
full_spring,oracle,OracleCF-Rollout,do_complexity_mean_pearl_scorable,50.0
full_spring,oracle,OracleCF-Rollout,do_complexity_median,50.0
full_spring,oracle,OracleCF-Rollout,do_complexity_stability,1.0
full_spring,oracle,OracleCF-Rollout,frac_degenerate,0.0
full_spring,oracle,OracleCF-Rollout,frac_no_do_schedule,0.0
full_spring,oracle,OracleCF-Rollout,frac_vacuous,0.0
full_spring,oracle,OracleCF-Rollout,n,100.0
full_spring,oracle,OracleCF-Rollout,n_cf_faith_scorable,100.0
full_spring,oracle,OracleCF-Rollout,n_do_scorable,100.0
full_spring,oracle,OracleCF-Rollout,ood,0.07688996249120972
full_spring,oracle,OracleCF-Rollout,proximity_l1,485.4860133161975
full_spring,oracle,OracleCF-Rollout,proximity_l2,32.21126077524138
full_spring,oracle,OracleCF-Rollout,scm_noise_plausibility,0.5172248495820349
full_spring,oracle,OracleCF-Rollout,sparsity,0.5096
full_spring,oracle,OracleCF-Rollout,sparsity_channels,0.0
full_spring,oracle,OracleCF-Rollout,sparsity_timepoints,0.5
full_spring,oracle,OracleCF-Rollout,trsi,0.132346584229893
full_spring,oracle,OracleCF-Rollout,validity,0.45
smoke_spring,lstm,CftsCOMTE,cf_faith_pearl_hard,0.0
smoke_spring,lstm,CftsCOMTE,cf_faith_pearl_hard_given_valid,0.0
smoke_spring,lstm,CftsCOMTE,cf_faith_pearl_hard_valid,0.0
smoke_spring,lstm,CftsCOMTE,cf_faith_pearl_soft,0.4120869227070155
smoke_spring,lstm,CftsCOMTE,cf_faith_rollout_hard,0.0
smoke_spring,lstm,CftsCOMTE,cf_faith_rollout_hard_given_valid,0.0
smoke_spring,lstm,CftsCOMTE,cf_faith_rollout_hard_valid,0.0
smoke_spring,lstm,CftsCOMTE,cf_faith_rollout_soft,0.29309609060090136
smoke_spring,lstm,CftsCOMTE,do_complexity_mean,30.0
smoke_spring,lstm,CftsCOMTE,do_complexity_mean_all,30.0
smoke_spring,lstm,CftsCOMTE,do_complexity_mean_pearl_scorable,30.0
smoke_spring,lstm,CftsCOMTE,do_complexity_median,30.0
smoke_spring,lstm,CftsCOMTE,do_complexity_stability,1.0
smoke_spring,lstm,CftsCOMTE,frac_degenerate,0.0
smoke_spring,lstm,CftsCOMTE,frac_no_do_schedule,0.0
smoke_spring,lstm,CftsCOMTE,frac_vacuous,0.0
smoke_spring,lstm,CftsCOMTE,n,20.0
smoke_spring,lstm,CftsCOMTE,n_cf_faith_scorable,20.0
smoke_spring,lstm,CftsCOMTE,n_do_scorable,20.0
smoke_spring,lstm,CftsCOMTE,ood,0.08859414900321479
smoke_spring,lstm,CftsCOMTE,pns_PS_A_model_proposed,1.0
smoke_spring,lstm,CftsCOMTE,pns_PS_B_model_oracle,0.1
smoke_spring,lstm,CftsCOMTE,pns_PS_C_world_oracle,0.1
smoke_spring,lstm,CftsCOMTE,pns_PS_delta_outcome,0.0
smoke_spring,lstm,CftsCOMTE,pns_PS_delta_total,0.9
smoke_spring,lstm,CftsCOMTE,pns_PS_delta_trajectory,0.9
smoke_spring,lstm,CftsCOMTE,pns_PS_do_complexity_mean,30.0
smoke_spring,lstm,CftsCOMTE,pns_PS_do_complexity_median,30.0
smoke_spring,lstm,CftsCOMTE,pns_PS_frac_no_intervention,0.0
smoke_spring,lstm,CftsCOMTE,pns_PS_n,20.0
smoke_spring,lstm,CftsCOMTE,pns_PS_n_scorable,20.0
smoke_spring,lstm,CftsCOMTE,proximity_l1,570.400889336252
smoke_spring,lstm,CftsCOMTE,proximity_l2,66.9935521331898
smoke_spring,lstm,CftsCOMTE,scm_noise_plausibility,0.6871371912245939
smoke_spring,lstm,CftsCOMTE,shift_vr,1.0
smoke_spring,lstm,CftsCOMTE,sparsity,0.745
smoke_spring,lstm,CftsCOMTE,sparsity_channels,0.745
smoke_spring,lstm,CftsCOMTE,sparsity_timepoints,0.0
smoke_spring,lstm,CftsCOMTE,trsi,0.06949762985076074
smoke_spring,lstm,CftsCOMTE,validity,1.0
smoke_spring,lstm,CftsCOMTE,validity_base,1.0
smoke_spring,lstm,CftsCOMTE,validity_shift,1.0
smoke_spring,lstm,CftsCels,cf_faith_pearl_hard,0.25
smoke_spring,lstm,CftsCels,cf_faith_pearl_hard_given_valid,0.0
smoke_spring,lstm,CftsCels,cf_faith_pearl_hard_valid,0.0
smoke_spring,lstm,CftsCels,cf_faith_pearl_soft,0.8986959574110264
smoke_spring,lstm,CftsCels,cf_faith_rollout_hard,0.0
smoke_spring,lstm,CftsCels,cf_faith_rollout_hard_given_valid,0.0
smoke_spring,lstm,CftsCels,cf_faith_rollout_hard_valid,0.0
smoke_spring,lstm,CftsCels,cf_faith_rollout_soft,0.5863404876279942
smoke_spring,lstm,CftsCels,do_complexity_mean,20.5
smoke_spring,lstm,CftsCels,do_complexity_mean_all,20.5
smoke_spring,lstm,CftsCels,do_complexity_mean_pearl_scorable,20.5
smoke_spring,lstm,CftsCels,do_complexity_median,19.0
smoke_spring,lstm,CftsCels,do_complexity_stability,11.824640804597701
smoke_spring,lstm,CftsCels,frac_degenerate,0.0
smoke_spring,lstm,CftsCels,frac_no_do_schedule,0.0
smoke_spring,lstm,CftsCels,frac_vacuous,0.0
smoke_spring,lstm,CftsCels,n,20.0
smoke_spring,lstm,CftsCels,n_cf_faith_scorable,20.0
smoke_spring,lstm,CftsCels,n_do_scorable,20.0
smoke_spring,lstm,CftsCels,ood,0.08111430366197925
smoke_spring,lstm,CftsCels,pns_PS_A_model_proposed,0.3
smoke_spring,lstm,CftsCels,pns_PS_B_model_oracle,0.0
smoke_spring,lstm,CftsCels,pns_PS_C_world_oracle,0.0
smoke_spring,lstm,CftsCels,pns_PS_delta_outcome,0.0
smoke_spring,lstm,CftsCels,pns_PS_delta_total,0.3
smoke_spring,lstm,CftsCels,pns_PS_delta_trajectory,0.3
smoke_spring,lstm,CftsCels,pns_PS_do_complexity_mean,20.5
smoke_spring,lstm,CftsCels,pns_PS_do_complexity_median,19.0
smoke_spring,lstm,CftsCels,pns_PS_frac_no_intervention,0.0
smoke_spring,lstm,CftsCels,pns_PS_n,20.0
smoke_spring,lstm,CftsCels,pns_PS_n_scorable,20.0
smoke_spring,lstm,CftsCels,proximity_l1,40.97882068760889
smoke_spring,lstm,CftsCels,proximity_l2,5.632260296682693
smoke_spring,lstm,CftsCels,scm_noise_plausibility,0.9103062120248365
smoke_spring,lstm,CftsCels,shift_vr,0.6666666666666667
smoke_spring,lstm,CftsCels,sparsity,0.7536666666666665
smoke_spring,lstm,CftsCels,sparsity_channels,0.24500000000000002
smoke_spring,lstm,CftsCels,sparsity_timepoints,0.42666666666666664
smoke_spring,lstm,CftsCels,trsi,0.9054521962717361
smoke_spring,lstm,CftsCels,validity,0.3
smoke_spring,lstm,CftsCels,validity_base,0.3
smoke_spring,lstm,CftsCels,validity_shift,0.2
smoke_spring,lstm,CftsConfeti,cf_faith_pearl_hard,0.0
smoke_spring,lstm,CftsConfeti,cf_faith_pearl_hard_given_valid,0.0
smoke_spring,lstm,CftsConfeti,cf_faith_pearl_hard_valid,0.0
smoke_spring,lstm,CftsConfeti,cf_faith_pearl_soft,0.03416865254596916
smoke_spring,lstm,CftsConfeti,cf_faith_rollout_hard,0.0
smoke_spring,lstm,CftsConfeti,cf_faith_rollout_hard_given_valid,0.0
smoke_spring,lstm,CftsConfeti,cf_faith_rollout_hard_valid,0.0
smoke_spring,lstm,CftsConfeti,cf_faith_rollout_soft,0.025228952259304993
smoke_spring,lstm,CftsConfeti,do_complexity_mean,4.5
smoke_spring,lstm,CftsConfeti,do_complexity_mean_all,4.5
smoke_spring,lstm,CftsConfeti,do_complexity_mean_pearl_scorable,30.0
smoke_spring,lstm,CftsConfeti,do_complexity_median,0.0
smoke_spring,lstm,CftsConfeti,do_complexity_stability,1.0
smoke_spring,lstm,CftsConfeti,frac_degenerate,0.85
smoke_spring,lstm,CftsConfeti,frac_no_do_schedule,0.85
smoke_spring,lstm,CftsConfeti,frac_vacuous,0.85
smoke_spring,lstm,CftsConfeti,n,20.0
smoke_spring,lstm,CftsConfeti,n_cf_faith_scorable,3.0
smoke_spring,lstm,CftsConfeti,n_do_scorable,3.0
smoke_spring,lstm,CftsConfeti,ood,0.07786308279517298
smoke_spring,lstm,CftsConfeti,pns_PS_A_model_proposed,1.0
smoke_spring,lstm,CftsConfeti,pns_PS_B_model_oracle,0.6666666666666666
smoke_spring,lstm,CftsConfeti,pns_PS_C_world_oracle,0.6666666666666666
smoke_spring,lstm,CftsConfeti,pns_PS_delta_outcome,0.0
smoke_spring,lstm,CftsConfeti,pns_PS_delta_total,0.33333333333333337
smoke_spring,lstm,CftsConfeti,pns_PS_delta_trajectory,0.33333333333333337
smoke_spring,lstm,CftsConfeti,pns_PS_do_complexity_mean,30.0
smoke_spring,lstm,CftsConfeti,pns_PS_do_complexity_median,30.0
smoke_spring,lstm,CftsConfeti,pns_PS_frac_no_intervention,0.85
smoke_spring,lstm,CftsConfeti,pns_PS_n,20.0
smoke_spring,lstm,CftsConfeti,pns_PS_n_scorable,3.0
smoke_spring,lstm,CftsConfeti,proximity_l1,69.96764948966947
smoke_spring,lstm,CftsConfeti,proximity_l2,7.449626680323431
smoke_spring,lstm,CftsConfeti,scm_noise_plausibility,0.8271172249514708
smoke_spring,lstm,CftsConfeti,sparsity,0.9253333333333333
smoke_spring,lstm,CftsConfeti,sparsity_channels,0.85
smoke_spring,lstm,CftsConfeti,sparsity_timepoints,0.85
smoke_spring,lstm,CftsConfeti,trsi,1.3142895408055577
smoke_spring,lstm,CftsConfeti,validity,0.15
smoke_spring,lstm,CftsConfeti,validity_base,0.15
smoke_spring,lstm,CftsConfeti,validity_shift,0.15
smoke_spring,lstm,CftsWachter,cf_faith_pearl_hard,0.0
smoke_spring,lstm,CftsWachter,cf_faith_pearl_hard_given_valid,0.0
smoke_spring,lstm,CftsWachter,cf_faith_pearl_hard_valid,0.0
smoke_spring,lstm,CftsWachter,cf_faith_pearl_soft,0.3558538385815825
smoke_spring,lstm,CftsWachter,cf_faith_rollout_hard,0.0
smoke_spring,lstm,CftsWachter,cf_faith_rollout_hard_given_valid,0.0
smoke_spring,lstm,CftsWachter,cf_faith_rollout_hard_valid,0.0
smoke_spring,lstm,CftsWachter,cf_faith_rollout_soft,0.43940461864685537
smoke_spring,lstm,CftsWachter,do_complexity_mean,30.0
smoke_spring,lstm,CftsWachter,do_complexity_mean_all,30.0
smoke_spring,lstm,CftsWachter,do_complexity_mean_pearl_scorable,30.0
smoke_spring,lstm,CftsWachter,do_complexity_median,30.0
smoke_spring,lstm,CftsWachter,do_complexity_stability,1.0
smoke_spring,lstm,CftsWachter,frac_degenerate,0.0
smoke_spring,lstm,CftsWachter,frac_no_do_schedule,0.0
smoke_spring,lstm,CftsWachter,frac_vacuous,0.0
smoke_spring,lstm,CftsWachter,n,20.0
smoke_spring,lstm,CftsWachter,n_cf_faith_scorable,20.0
smoke_spring,lstm,CftsWachter,n_do_scorable,20.0
smoke_spring,lstm,CftsWachter,ood,0.0674163517969697
smoke_spring,lstm,CftsWachter,pns_PS_A_model_proposed,0.85
smoke_spring,lstm,CftsWachter,pns_PS_B_model_oracle,0.55
smoke_spring,lstm,CftsWachter,pns_PS_C_world_oracle,0.5
smoke_spring,lstm,CftsWachter,pns_PS_delta_outcome,0.050000000000000044
smoke_spring,lstm,CftsWachter,pns_PS_delta_total,0.35
smoke_spring,lstm,CftsWachter,pns_PS_delta_trajectory,0.29999999999999993
smoke_spring,lstm,CftsWachter,pns_PS_do_complexity_mean,30.0
smoke_spring,lstm,CftsWachter,pns_PS_do_complexity_median,30.0
smoke_spring,lstm,CftsWachter,pns_PS_frac_no_intervention,0.0
smoke_spring,lstm,CftsWachter,pns_PS_n,20.0
smoke_spring,lstm,CftsWachter,pns_PS_n_scorable,20.0
smoke_spring,lstm,CftsWachter,proximity_l1,1823.2309919042218
smoke_spring,lstm,CftsWachter,proximity_l2,142.24689744415588
smoke_spring,lstm,CftsWachter,scm_noise_plausibility,0.7143672227921999
smoke_spring,lstm,CftsWachter,shift_vr,1.0588235294117647
smoke_spring,lstm,CftsWachter,sparsity,0.0001666666666666667
smoke_spring,lstm,CftsWachter,sparsity_channels,0.0
smoke_spring,lstm,CftsWachter,sparsity_timepoints,0.0
smoke_spring,lstm,CftsWachter,trsi,0.051155920659035
smoke_spring,lstm,CftsWachter,validity,0.85
smoke_spring,lstm,CftsWachter,validity_base,0.85
smoke_spring,lstm,CftsWachter,validity_shift,0.9
smoke_spring,lstm,NoiselessSCMRecourse,cf_faith_pearl_hard,0.0
smoke_spring,lstm,NoiselessSCMRecourse,cf_faith_pearl_hard_given_valid,0.0
smoke_spring,lstm,NoiselessSCMRecourse,cf_faith_pearl_hard_valid,0.0
smoke_spring,lstm,NoiselessSCMRecourse,cf_faith_pearl_soft,0.6907049961142744
smoke_spring,lstm,NoiselessSCMRecourse,cf_faith_rollout_hard,1.0
smoke_spring,lstm,NoiselessSCMRecourse,cf_faith_rollout_hard_given_valid,1.0
smoke_spring,lstm,NoiselessSCMRecourse,cf_faith_rollout_hard_valid,1.0
smoke_spring,lstm,NoiselessSCMRecourse,cf_faith_rollout_soft,0.999999349368129
smoke_spring,lstm,NoiselessSCMRecourse,do_complexity_mean,22.0
smoke_spring,lstm,NoiselessSCMRecourse,do_complexity_mean_all,22.0
smoke_spring,lstm,NoiselessSCMRecourse,do_complexity_mean_pearl_scorable,22.0
smoke_spring,lstm,NoiselessSCMRecourse,do_complexity_median,22.0
smoke_spring,lstm,NoiselessSCMRecourse,do_complexity_stability,1.0
smoke_spring,lstm,NoiselessSCMRecourse,frac_degenerate,0.0
smoke_spring,lstm,NoiselessSCMRecourse,frac_no_do_schedule,0.0
smoke_spring,lstm,NoiselessSCMRecourse,frac_vacuous,0.0
smoke_spring,lstm,NoiselessSCMRecourse,n,20.0
smoke_spring,lstm,NoiselessSCMRecourse,n_cf_faith_scorable,20.0
smoke_spring,lstm,NoiselessSCMRecourse,n_do_scorable,20.0
smoke_spring,lstm,NoiselessSCMRecourse,ood,0.04407643314220364
smoke_spring,lstm,NoiselessSCMRecourse,pns_PS_A_model_proposed,1.0
smoke_spring,lstm,NoiselessSCMRecourse,pns_PS_B_model_oracle,0.7
smoke_spring,lstm,NoiselessSCMRecourse,pns_PS_C_world_oracle,0.5
smoke_spring,lstm,NoiselessSCMRecourse,pns_PS_delta_outcome,0.19999999999999996
smoke_spring,lstm,NoiselessSCMRecourse,pns_PS_delta_total,0.5
smoke_spring,lstm,NoiselessSCMRecourse,pns_PS_delta_trajectory,0.30000000000000004
smoke_spring,lstm,NoiselessSCMRecourse,pns_PS_do_complexity_mean,22.0
smoke_spring,lstm,NoiselessSCMRecourse,pns_PS_do_complexity_median,22.0
smoke_spring,lstm,NoiselessSCMRecourse,pns_PS_frac_no_intervention,0.0
smoke_spring,lstm,NoiselessSCMRecourse,pns_PS_n,20.0
smoke_spring,lstm,NoiselessSCMRecourse,pns_PS_n_scorable,20.0
smoke_spring,lstm,NoiselessSCMRecourse,proximity_l1,801.4635233425837
smoke_spring,lstm,NoiselessSCMRecourse,proximity_l2,62.51468554631983
smoke_spring,lstm,NoiselessSCMRecourse,scm_noise_plausibility,0.6690922816802619
smoke_spring,lstm,NoiselessSCMRecourse,shift_vr,1.0
smoke_spring,lstm,NoiselessSCMRecourse,sparsity,0.2668333333333333
smoke_spring,lstm,NoiselessSCMRecourse,sparsity_channels,0.0
smoke_spring,lstm,NoiselessSCMRecourse,sparsity_timepoints,0.26666666666666666
smoke_spring,lstm,NoiselessSCMRecourse,trsi,0.119209282613382
smoke_spring,lstm,NoiselessSCMRecourse,validity,1.0
smoke_spring,lstm,NoiselessSCMRecourse,validity_base,1.0
smoke_spring,lstm,NoiselessSCMRecourse,validity_shift,1.0
smoke_spring,lstm,PearlSCMRecourse,cf_faith_pearl_hard,1.0
smoke_spring,lstm,PearlSCMRecourse,cf_faith_pearl_hard_given_valid,1.0
smoke_spring,lstm,PearlSCMRecourse,cf_faith_pearl_hard_valid,1.0
smoke_spring,lstm,PearlSCMRecourse,cf_faith_pearl_soft,0.9999995599226074
smoke_spring,lstm,PearlSCMRecourse,cf_faith_rollout_hard,0.0
smoke_spring,lstm,PearlSCMRecourse,cf_faith_rollout_hard_given_valid,0.0
smoke_spring,lstm,PearlSCMRecourse,cf_faith_rollout_hard_valid,0.0
smoke_spring,lstm,PearlSCMRecourse,cf_faith_rollout_soft,0.690705081436972
smoke_spring,lstm,PearlSCMRecourse,do_complexity_mean,1.0
smoke_spring,lstm,PearlSCMRecourse,do_complexity_mean_all,1.0
smoke_spring,lstm,PearlSCMRecourse,do_complexity_mean_pearl_scorable,1.0
smoke_spring,lstm,PearlSCMRecourse,do_complexity_median,1.0
smoke_spring,lstm,PearlSCMRecourse,do_complexity_stability,1.0
smoke_spring,lstm,PearlSCMRecourse,frac_degenerate,0.0
smoke_spring,lstm,PearlSCMRecourse,frac_no_do_schedule,0.0
smoke_spring,lstm,PearlSCMRecourse,frac_vacuous,0.0
smoke_spring,lstm,PearlSCMRecourse,n,20.0
smoke_spring,lstm,PearlSCMRecourse,n_cf_faith_scorable,20.0
smoke_spring,lstm,PearlSCMRecourse,n_do_scorable,20.0
smoke_spring,lstm,PearlSCMRecourse,ood,0.04111579460353276
smoke_spring,lstm,PearlSCMRecourse,pns_PS_A_model_proposed,1.0
smoke_spring,lstm,PearlSCMRecourse,pns_PS_B_model_oracle,1.0
smoke_spring,lstm,PearlSCMRecourse,pns_PS_C_world_oracle,0.45
smoke_spring,lstm,PearlSCMRecourse,pns_PS_delta_outcome,0.55
smoke_spring,lstm,PearlSCMRecourse,pns_PS_delta_total,0.55
smoke_spring,lstm,PearlSCMRecourse,pns_PS_delta_trajectory,0.0
smoke_spring,lstm,PearlSCMRecourse,pns_PS_do_complexity_mean,1.0
smoke_spring,lstm,PearlSCMRecourse,pns_PS_do_complexity_median,1.0
smoke_spring,lstm,PearlSCMRecourse,pns_PS_frac_no_intervention,0.0
smoke_spring,lstm,PearlSCMRecourse,pns_PS_n,20.0
smoke_spring,lstm,PearlSCMRecourse,pns_PS_n_scorable,20.0
smoke_spring,lstm,PearlSCMRecourse,proximity_l1,814.471469792929
smoke_spring,lstm,PearlSCMRecourse,proximity_l2,63.83346489469634
smoke_spring,lstm,PearlSCMRecourse,scm_noise_plausibility,0.620454987566074
smoke_spring,lstm,PearlSCMRecourse,shift_vr,1.0
smoke_spring,lstm,PearlSCMRecourse,sparsity,0.26666666666666666
smoke_spring,lstm,PearlSCMRecourse,sparsity_channels,0.0
smoke_spring,lstm,PearlSCMRecourse,sparsity_timepoints,0.26666666666666666
smoke_spring,lstm,PearlSCMRecourse,trsi,0.09228926424348896
smoke_spring,lstm,PearlSCMRecourse,validity,1.0
smoke_spring,lstm,PearlSCMRecourse,validity_base,1.0
smoke_spring,lstm,PearlSCMRecourse,validity_shift,1.0
smoke_spring,lstm,TSCausal,cf_faith_pearl_hard,0.0
smoke_spring,lstm,TSCausal,cf_faith_pearl_hard_valid,0.0
smoke_spring,lstm,TSCausal,cf_faith_pearl_soft,0.6069646655302544
smoke_spring,lstm,TSCausal,cf_faith_rollout_hard,0.0
smoke_spring,lstm,TSCausal,cf_faith_rollout_hard_valid,0.0
smoke_spring,lstm,TSCausal,cf_faith_rollout_soft,0.9847703510251605
smoke_spring,lstm,TSCausal,do_complexity_mean,30.0
smoke_spring,lstm,TSCausal,do_complexity_mean_all,30.0
smoke_spring,lstm,TSCausal,do_complexity_mean_pearl_scorable,30.0
smoke_spring,lstm,TSCausal,do_complexity_median,30.0
smoke_spring,lstm,TSCausal,do_complexity_stability,1.0
smoke_spring,lstm,TSCausal,frac_degenerate,0.0
smoke_spring,lstm,TSCausal,frac_no_do_schedule,0.0
smoke_spring,lstm,TSCausal,frac_vacuous,0.0
smoke_spring,lstm,TSCausal,n,20.0
smoke_spring,lstm,TSCausal,n_cf_faith_scorable,20.0
smoke_spring,lstm,TSCausal,n_do_scorable,20.0
smoke_spring,lstm,TSCausal,ood,0.0887633369897303
smoke_spring,lstm,TSCausal,pns_PS_A_model_proposed,0.0
smoke_spring,lstm,TSCausal,pns_PS_B_model_oracle,0.0
smoke_spring,lstm,TSCausal,pns_PS_C_world_oracle,0.0
smoke_spring,lstm,TSCausal,pns_PS_delta_outcome,0.0
smoke_spring,lstm,TSCausal,pns_PS_delta_total,0.0
smoke_spring,lstm,TSCausal,pns_PS_delta_trajectory,0.0
smoke_spring,lstm,TSCausal,pns_PS_do_complexity_mean,30.0
smoke_spring,lstm,TSCausal,pns_PS_do_complexity_median,30.0
smoke_spring,lstm,TSCausal,pns_PS_frac_no_intervention,0.0
smoke_spring,lstm,TSCausal,pns_PS_n,20.0
smoke_spring,lstm,TSCausal,pns_PS_n_scorable,20.0
smoke_spring,lstm,TSCausal,proximity_l1,223.44752572037092
smoke_spring,lstm,TSCausal,proximity_l2,18.27383149832945
smoke_spring,lstm,TSCausal,scm_noise_plausibility,0.005403827676178446
smoke_spring,lstm,TSCausal,sparsity,0.02883333333333333
smoke_spring,lstm,TSCausal,sparsity_channels,0.0
smoke_spring,lstm,TSCausal,sparsity_timepoints,0.0
smoke_spring,lstm,TSCausal,trsi,0.16671995623171193
smoke_spring,lstm,TSCausal,validity,0.0
smoke_spring,lstm,TSCausal,validity_base,0.0
smoke_spring,lstm,TSCausal,validity_shift,0.0
smoke_spring,lstm,__dataset__,axis_a_LagAcc,1.0
smoke_spring,lstm,__dataset__,axis_a_LagF1,1.0
smoke_spring,lstm,__dataset__,axis_a_ResidualDep,0.01710160495921516
smoke_spring,lstm,__dataset__,axis_a_SHD,0.0
smoke_spring,oracle,OracleCF-Pearl,cf_faith_pearl_hard,1.0
smoke_spring,oracle,OracleCF-Pearl,cf_faith_pearl_hard_given_valid,1.0
smoke_spring,oracle,OracleCF-Pearl,cf_faith_pearl_hard_valid,0.5
smoke_spring,oracle,OracleCF-Pearl,cf_faith_pearl_soft,0.9999998616501706
smoke_spring,oracle,OracleCF-Pearl,cf_faith_rollout_hard,0.0
smoke_spring,oracle,OracleCF-Pearl,cf_faith_rollout_hard_given_valid,0.0
smoke_spring,oracle,OracleCF-Pearl,cf_faith_rollout_hard_valid,0.0
smoke_spring,oracle,OracleCF-Pearl,cf_faith_rollout_soft,0.75326382964804
smoke_spring,oracle,OracleCF-Pearl,do_complexity_mean,1.0
smoke_spring,oracle,OracleCF-Pearl,do_complexity_mean_all,1.0
smoke_spring,oracle,OracleCF-Pearl,do_complexity_mean_pearl_scorable,1.0
smoke_spring,oracle,OracleCF-Pearl,do_complexity_median,1.0
smoke_spring,oracle,OracleCF-Pearl,do_complexity_stability,1.0
smoke_spring,oracle,OracleCF-Pearl,frac_degenerate,0.0
smoke_spring,oracle,OracleCF-Pearl,frac_no_do_schedule,0.0
smoke_spring,oracle,OracleCF-Pearl,frac_vacuous,0.0
smoke_spring,oracle,OracleCF-Pearl,n,20.0
smoke_spring,oracle,OracleCF-Pearl,n_cf_faith_scorable,20.0
smoke_spring,oracle,OracleCF-Pearl,n_do_scorable,20.0
smoke_spring,oracle,OracleCF-Pearl,ood,0.07649055352424514
smoke_spring,oracle,OracleCF-Pearl,proximity_l1,34.63494716790412
smoke_spring,oracle,OracleCF-Pearl,proximity_l2,6.513775379377085
smoke_spring,oracle,OracleCF-Pearl,scm_noise_plausibility,0.9494819368768292
smoke_spring,oracle,OracleCF-Pearl,sparsity,0.8323333333333334
smoke_spring,oracle,OracleCF-Pearl,sparsity_channels,0.6300000000000001
smoke_spring,oracle,OracleCF-Pearl,sparsity_timepoints,0.5
smoke_spring,oracle,OracleCF-Pearl,trsi,0.1284132628381665
smoke_spring,oracle,OracleCF-Pearl,validity,0.5
smoke_spring,oracle,OracleCF-Rollout,cf_faith_pearl_hard,0.0
smoke_spring,oracle,OracleCF-Rollout,cf_faith_pearl_hard_given_valid,0.0
smoke_spring,oracle,OracleCF-Rollout,cf_faith_pearl_hard_valid,0.0
smoke_spring,oracle,OracleCF-Rollout,cf_faith_pearl_soft,0.7532638236139403
smoke_spring,oracle,OracleCF-Rollout,cf_faith_rollout_hard,1.0
smoke_spring,oracle,OracleCF-Rollout,cf_faith_rollout_hard_given_valid,1.0
smoke_spring,oracle,OracleCF-Rollout,cf_faith_rollout_hard_valid,0.5
smoke_spring,oracle,OracleCF-Rollout,cf_faith_rollout_soft,0.9999998689818369
smoke_spring,oracle,OracleCF-Rollout,do_complexity_mean,15.0
smoke_spring,oracle,OracleCF-Rollout,do_complexity_mean_all,15.0
smoke_spring,oracle,OracleCF-Rollout,do_complexity_mean_pearl_scorable,15.0
smoke_spring,oracle,OracleCF-Rollout,do_complexity_median,15.0
smoke_spring,oracle,OracleCF-Rollout,do_complexity_stability,1.0
smoke_spring,oracle,OracleCF-Rollout,frac_degenerate,0.0
smoke_spring,oracle,OracleCF-Rollout,frac_no_do_schedule,0.0
smoke_spring,oracle,OracleCF-Rollout,frac_vacuous,0.0
smoke_spring,oracle,OracleCF-Rollout,n,20.0
smoke_spring,oracle,OracleCF-Rollout,n_cf_faith_scorable,20.0
smoke_spring,oracle,OracleCF-Rollout,n_do_scorable,20.0
smoke_spring,oracle,OracleCF-Rollout,ood,0.07762130296331558
smoke_spring,oracle,OracleCF-Rollout,proximity_l1,69.2382808583011
smoke_spring,oracle,OracleCF-Rollout,proximity_l2,8.277308926452651
smoke_spring,oracle,OracleCF-Rollout,scm_noise_plausibility,0.5754184906096281
smoke_spring,oracle,OracleCF-Rollout,sparsity,0.5309999999999999
smoke_spring,oracle,OracleCF-Rollout,sparsity_channels,0.0
smoke_spring,oracle,OracleCF-Rollout,sparsity_timepoints,0.5
smoke_spring,oracle,OracleCF-Rollout,trsi,0.2594716461031504
smoke_spring,oracle,OracleCF-Rollout,validity,0.5
