method,instance,t0,horizon,no_op,n_intervened_channels,validity,proximity_l1,proximity_l2,sparsity,ood
CftsWachter,0,0,100,False,6,1.0,2711.8297184805933,153.8855480088001,0.0,0.050918508117549166
CftsWachter,1,0,100,False,6,1.0,2166.073755062779,142.6395054974737,0.0,0.04705432533145526
CftsWachter,2,0,100,False,6,1.0,2166.490576554886,127.21543798342674,0.0,0.07684251560369681
CftsWachter,3,0,100,False,6,1.0,2658.8323551993217,156.23612899446397,0.0,0.037895026883309146
CftsWachter,4,0,100,False,6,1.0,636.9418813891992,38.51212120301628,0.0,0.18818945073302118
CftsWachter,5,0,100,False,6,1.0,3086.4523201882675,175.3567418837783,0.0,0.021451555822250667
CftsWachter,6,0,100,False,6,1.0,643.6208191445298,36.72057177185685,0.0,0.1883082090606612
CftsWachter,7,15,85,False,1,0.0,0.13007377256107297,0.014140677720227509,0.9483333333333334,0.2024576423375669
CftsWachter,8,0,100,False,5,1.0,2296.6017440450096,146.2718777515014,0.0033333333333333335,0.04769664375099458
CftsWachter,9,0,100,False,6,1.0,1953.5414505604717,126.2273837565007,0.0016666666666666668,0.08630691327102563
CftsWachter,10,0,100,False,6,1.0,3402.4384124468297,201.32614360138993,0.0,0.04769664375099458
CftsWachter,11,0,100,False,6,1.0,3075.1531796208496,176.89330773693578,0.0016666666666666668,0.18811108912381114
CftsWachter,12,0,100,False,6,1.0,2804.793836677124,161.6176198096076,0.0016666666666666668,0.1743016308393408
CftsWachter,13,0,100,False,6,1.0,2708.459435761957,154.4839844917089,0.0,0.18244948650714982
CftsWachter,14,0,100,False,6,1.0,2877.425102198401,166.91933167626345,0.0,0.16216567307074176
CftsWachter,15,0,100,False,6,1.0,3615.4227962335867,203.57205486391234,0.0,0.06011029432035825
CftsWachter,16,0,100,False,6,1.0,2945.116392794104,191.72916120039037,0.0,0.03188568286622162
CftsWachter,17,0,100,False,6,1.0,3615.5931709843203,225.29482266665306,0.0,0.04966989100396069
CftsWachter,18,0,100,False,6,1.0,3807.026763114445,208.51767162090454,0.0016666666666666668,0.09528859280720692
CftsWachter,19,0,100,False,6,1.0,3421.235927634768,199.30868866133235,0.0,0.08630691327102563
CftsWachter,20,0,100,False,6,1.0,2119.749760437994,140.03495909491977,0.0,0.06011029432035825
CftsWachter,23,0,100,False,6,1.0,2706.1787793585,160.1912229427492,0.0,0.042760972159918365
CftsWachter,25,0,100,False,6,1.0,2517.4728653058255,147.10091606260409,0.0,0.0818145448999299
CftsWachter,26,0,100,False,3,1.0,422.41845099639494,26.568355006313347,0.03666666666666667,0.19410550220943945
CftsWachter,27,0,100,False,6,1.0,651.4475825909972,42.21650495836128,0.0,0.19238546302187637
CftsWachter,28,0,100,False,6,1.0,459.4690472639393,31.124063985943693,0.0016666666666666668,0.1761285381804154
CftsWachter,29,0,100,False,6,1.0,2696.509829893309,160.02258190569444,0.0,0.047785286853025855
CftsCOMTE,0,0,100,False,6,1.0,1109.0062953896718,77.18980744370093,0.0,0.1112365950573379
CftsCOMTE,1,0,100,False,6,1.0,825.5433565869026,45.490681551383034,0.0,0.1481604390007214
CftsCOMTE,2,0,100,False,6,1.0,1167.1305251645554,80.69356599943572,0.0,0.10866262862024384
CftsCOMTE,3,0,100,False,6,1.0,860.9342861425594,54.937902204935575,0.0,0.14144486595238637
CftsCOMTE,4,0,100,False,6,1.0,578.8121107348674,36.528007375479405,0.005,0.15754345879407927
CftsCOMTE,5,0,100,False,6,1.0,1135.7588355562953,72.85640014774343,0.0,0.12479755088875483
CftsCOMTE,6,0,100,False,6,1.0,863.3430011167206,48.4113813622694,0.0,0.14553304162136643
CftsCOMTE,7,0,100,False,6,1.0,753.8635385112377,40.28478617030593,0.0,0.14154837713652468
CftsCOMTE,8,0,100,False,6,1.0,833.3894281477069,53.207614760856515,0.0,0.14398531547966037
CftsCOMTE,9,0,100,False,6,1.0,754.8360778921982,49.108131590832684,0.0,0.14581747202259304
CftsCOMTE,10,0,100,False,6,1.0,1133.620106953863,53.409149595148165,0.0,0.05925028187664688
CftsCOMTE,11,0,100,False,6,1.0,2000.3013386518878,91.1872236857518,0.0016666666666666668,0.011981331119900629
CftsCOMTE,12,0,100,False,6,1.0,1741.3419941398251,82.38657400351767,0.0,0.020513239991819754
CftsCOMTE,13,0,100,False,6,1.0,1940.9525208691305,96.83986251104092,0.0,-0.005215997898673552
CftsCOMTE,14,0,100,False,6,1.0,1407.816603127234,68.50115113874206,0.0,-0.0022153081272754394
CftsCOMTE,15,0,100,False,6,1.0,2098.9995270431227,94.10087226549767,0.0,-0.030938433207307936
CftsCOMTE,16,0,100,False,6,1.0,1420.1096758690937,81.66822168810823,0.0016666666666666668,0.012522843738692502
CftsCOMTE,17,0,100,False,6,1.0,1990.138952452132,88.2545234742424,0.0,-0.0008920049283343001
CftsCOMTE,18,0,100,False,6,1.0,1548.879141904346,71.57997726568135,0.0,0.006189128143409217
CftsCOMTE,19,0,100,False,6,1.0,1362.7107414427426,63.40362137317278,0.0,0.03192798511380979
CftsCOMTE,20,0,100,False,6,1.0,652.2486241835918,42.69606637765976,0.0,0.15891589262106337
CftsCOMTE,23,0,100,False,6,1.0,530.6654024139233,36.3433821900548,0.0,0.1545098516638302
CftsCOMTE,25,0,100,False,6,1.0,668.9626513297163,54.440500154935954,0.0,0.14222811355991455
CftsCOMTE,26,0,100,False,6,1.0,593.4623038118424,45.16750329856457,0.0,0.15331734709253042
CftsCOMTE,27,0,100,False,6,1.0,567.451169671379,40.81333247697348,0.0,0.1374720886348782
CftsCOMTE,28,0,100,False,6,1.0,616.7473930466779,51.58074079679144,0.0,0.1651757506689644
CftsCOMTE,29,0,100,False,6,1.0,679.4248019063382,52.28481191517257,0.0,0.15339714542510413
CftsConfeti,0,None,None,True,0,0.0,4.1175845419983434e-06,8.39652870891554e-07,1.0,0.1921917609128046
CftsConfeti,1,None,None,True,0,0.0,2.0778357413035417e-06,1.4055735595154884e-07,1.0,0.20731565273468555
CftsConfeti,2,None,None,True,0,0.0,5.412405633469083e-06,5.383161473753332e-07,1.0,0.19133158407218132
CftsConfeti,3,None,None,True,0,0.0,3.6665345192038435e-06,3.2227230752524914e-07,1.0,0.20160387825298376
CftsConfeti,4,None,None,True,0,0.0,3.833452129265575e-06,2.781667245457791e-07,1.0,0.20027906062280587
CftsConfeti,5,None,None,True,0,0.0,3.907516478823293e-06,3.164294553498775e-07,1.0,0.2047276303373211
CftsConfeti,6,None,None,True,0,0.0,1.9987004810968095e-06,1.519534393212401e-07,1.0,0.20275004851792516
CftsConfeti,7,None,None,True,0,0.0,3.138216257567812e-06,2.2193408189916484e-07,1.0,0.2024576423375669
CftsConfeti,8,None,None,True,0,0.0,3.201659404038302e-06,2.663027184098935e-07,1.0,0.2023311385681249
CftsConfeti,9,None,None,True,0,0.0,3.2565273939948874e-06,3.179225220263601e-07,1.0,0.20125879969882488
CftsConfeti,10,0,100,False,6,1.0,1414.4905916698285,113.0677398468907,0.51,0.10158494641728005
CftsConfeti,11,0,100,False,4,1.0,1668.1308288567743,133.26515513127194,0.48833333333333334,0.09327589998217972
CftsConfeti,12,0,100,False,5,1.0,1624.8820074642813,126.19926950320946,0.49333333333333335,0.13029300627786405
CftsConfeti,13,0,100,False,2,1.0,1656.495695606318,127.76565671935997,0.49333333333333335,0.09557681253306011
CftsConfeti,14,0,100,False,2,1.0,1687.7347697358648,130.13313405845506,0.4583333333333333,0.13373734375794322
CftsConfeti,15,0,100,False,3,1.0,1705.7954855382136,140.63567858479072,0.4766666666666667,0.09656586346074136
CftsConfeti,16,0,100,False,3,1.0,1619.7378477713967,129.44109304943814,0.47,0.10584249576462706
CftsConfeti,17,0,100,False,1,1.0,1788.081018743993,139.35627728644715,0.49166666666666664,0.10964706472971464
CftsConfeti,18,0,100,False,2,1.0,1732.8371815507373,134.9519335274638,0.5033333333333333,0.08845037173267956
CftsConfeti,19,0,100,False,3,1.0,1601.1252756149154,129.73014375589014,0.475,0.09964367214947334
CftsConfeti,20,None,None,True,0,0.0,1.0694797903360032e-05,7.08023745150777e-07,1.0,0.19263701373875386
CftsConfeti,23,None,None,True,0,0.0,1.3437956276727767e-05,9.595470063368774e-07,1.0,0.1783083283981316
CftsConfeti,25,None,None,True,0,0.0,1.3942909390876265e-05,9.382023136236706e-07,1.0,0.17994472006556178
CftsConfeti,26,None,None,True,0,0.0,1.3302632777706727e-05,8.539083953646889e-07,1.0,0.19464189678266924
CftsConfeti,27,None,None,True,0,0.0,1.5947272270579443e-05,1.1852083546523008e-06,1.0,0.15916421076018383
CftsConfeti,28,None,None,True,0,0.0,1.2091585009517056e-05,8.467175722147415e-07,1.0,0.1901015037304224
CftsConfeti,29,None,None,True,0,0.0,1.4753658953216807e-05,1.0377760165182824e-06,1.0,0.18367517650409337
CftsCounts,0,0,100,False,6,1.0,702.6285364419991,44.45011914221723,0.013333333333333334,0.1951244323134364
CftsCounts,1,0,100,False,6,1.0,505.9138129299091,30.18364292406664,0.0033333333333333335,0.20324023420914472
CftsCounts,2,0,100,False,6,0.0,327.83110063243055,20.84655655672816,0.0016666666666666668,0.20905240253763274
CftsCounts,3,0,100,False,6,1.0,501.09062814196534,27.184557045271262,0.0016666666666666668,0.2013163931608039
CftsCounts,4,0,100,False,6,1.0,580.2295891594226,34.25587523063095,0.0016666666666666668,0.1976437574401777
CftsCounts,5,0,100,False,6,1.0,508.89377009014584,28.891225617400732,0.0,0.20308005062766316
CftsCounts,6,0,100,False,6,0.0,134.98716371980356,7.683729868414917,0.006666666666666667,0.2104124669447866
CftsCounts,7,0,100,False,6,0.0,187.75049614835225,10.481911063724034,0.0016666666666666668,0.21050515608712944
CftsCounts,8,0,100,False,6,1.0,376.4570057996675,21.096129743985543,0.0016666666666666668,0.20660764387304997
CftsCounts,9,0,100,False,6,0.0,237.92962236940838,14.83197977546812,0.0033333333333333335,0.2117095284735392
CftsCounts,10,0,100,False,6,1.0,2607.0726292748486,148.2894053487393,0.0,0.19023248021304018
CftsCounts,11,0,100,False,6,1.0,2911.1151290803814,167.3559670906873,0.0,0.1952092073741617
CftsCounts,12,0,100,False,6,1.0,2823.8581753338285,161.20142868751051,0.0016666666666666668,0.19108450637719782
CftsCounts,13,0,100,False,6,1.0,2779.799966626936,156.4937364081463,0.0,0.19273993264227074
CftsCounts,14,0,100,False,6,1.0,2879.762214641698,161.53663208347828,0.0,0.19199211486167794
CftsCounts,15,0,100,False,6,1.0,3147.7636042579065,185.16547886451482,0.0,0.1909033332377124
CftsCounts,16,0,100,False,6,1.0,2947.8708525934962,169.16925489087072,0.0,0.191195516418527
CftsCounts,17,0,100,False,6,1.0,3216.4326193061906,181.91733423390895,0.0,0.18910530878136395
CftsCounts,18,0,100,False,6,1.0,3176.432589287617,173.53896204646546,0.0,0.1933525632477891
CftsCounts,19,0,100,False,6,1.0,2656.8536120555204,157.23433069393516,0.0,0.19251655591034406
CftsCounts,20,0,100,False,6,1.0,712.5896838432415,40.55404395199712,0.0016666666666666668,0.19698294000666333
CftsCounts,23,0,100,False,6,1.0,747.3685377777927,42.15628536444042,0.0016666666666666668,0.19728753654129538
CftsCounts,25,0,100,False,6,1.0,740.5614631385503,43.02107261997632,0.0,0.2050188620194609
CftsCounts,26,0,100,False,6,1.0,753.2025004924467,42.451766722566745,0.0016666666666666668,0.20039350641875225
CftsCounts,27,0,100,False,6,1.0,858.2063714850683,51.4428029421569,0.0,0.1984823902972213
CftsCounts,28,0,100,False,6,1.0,734.7746422252267,42.3685921025635,0.0,0.19728687747977813
CftsCounts,29,0,100,False,6,1.0,809.5096285576824,45.894408895159394,0.0016666666666666668,0.1953488376526678
CftsCels,0,2,98,False,2,1.0,125.4515759027366,31.539173150303537,0.705,0.1860141158352281
CftsCels,1,4,96,False,2,1.0,133.98081298640682,34.13889133434984,0.7166666666666667,0.2001948737452789
CftsCels,2,4,96,False,1,1.0,132.58278653004015,32.32909293636121,0.6833333333333333,0.184504093940502
CftsCels,3,6,94,False,2,1.0,138.62083763672842,34.62869345037752,0.6983333333333334,0.19314452731965553
CftsCels,4,8,92,False,2,1.0,122.15955113217815,29.58213601844799,0.715,0.19810439076784087
CftsCels,5,2,98,False,1,1.0,130.16923804730044,32.55792274928124,0.705,0.20107336651742663
CftsCels,6,1,99,False,1,1.0,141.69499409929577,35.606575977650145,0.7133333333333334,0.19323298830100194
CftsCels,7,0,100,False,1,1.0,133.2170713318283,32.18844676015351,0.7083333333333334,0.1942805216140172
CftsCels,8,9,91,False,1,1.0,135.7892433859238,34.13275790465094,0.7,0.19439864629900544
CftsCels,9,9,91,False,1,1.0,138.25038496277145,34.431317971894444,0.7183333333333334,0.19195249301861728
CftsCels,10,2,98,False,2,1.0,282.19826416310974,40.01227548171684,0.675,0.08072083606661118
CftsCels,11,19,81,False,1,0.0,110.42522509975,32.931842260494534,0.9083333333333333,0.02081766079966363
CftsCels,12,4,96,False,1,0.0,194.27401528105858,44.04536740751081,0.8466666666666667,0.03978499100698396
CftsCels,13,22,78,False,1,0.0,24.66341653559977,17.03728903621352,0.9416666666666667,0.027028136701057415
CftsCels,14,1,99,False,1,1.0,337.488062187555,46.402774469276814,0.6333333333333333,0.05461364409558517
CftsCels,15,4,96,False,1,0.0,200.2579139108002,47.446202586506296,0.82,0.02552720178310597
CftsCels,16,6,94,False,1,0.0,238.61377270842962,54.07481248105365,0.8416666666666667,0.026353138351863814
CftsCels,17,4,96,False,1,1.0,422.929222583093,58.61227185154194,0.7,0.035474140769148454
CftsCels,18,8,92,False,1,0.0,105.32454448095112,29.150066669313464,0.885,0.0012425464665847263
CftsCels,19,2,98,False,1,1.0,329.35467858804344,49.44072728993758,0.6016666666666667,0.04531533638613916
CftsCels,20,16,84,False,1,1.0,132.60165482926968,26.255902349028364,0.5816666666666667,0.18776487290119426
CftsCels,23,2,98,False,1,1.0,146.24205868327212,26.150148294731252,0.47,0.17830964999160887
CftsCels,25,2,98,False,1,1.0,124.68225288314426,21.2872900296529,0.3466666666666667,0.182534061847484
CftsCels,26,2,98,False,1,1.0,130.89528950507815,24.767005201070713,0.49666666666666665,0.18861664045639404
CftsCels,27,4,96,False,1,1.0,179.68587607797502,25.527215456910753,0.44666666666666666,0.1589038263270081
CftsCels,28,3,97,False,1,1.0,129.08522047903264,25.945995481183036,0.525,0.18945070735987163
CftsCels,29,5,95,False,1,1.0,123.32491306561349,23.929861109725014,0.55,0.1795196346746294
