benchmark,classifier,method,instance,validity,proximity_l1,proximity_l2,sparsity,sparsity_channels,sparsity_timepoints,trsi,intervention_t,vacuous,cf_faith_rollout_hard,cf_faith_rollout_soft,cf_faith_pearl_hard,cf_faith_pearl_soft,cf_faith_rollout_hard_valid,cf_faith_pearl_hard_valid
smoke_seed3,lstm,CARLA,0,1,28.400343235503414,3.769984098870563,0.26666666666666666,0.0,0.26666666666666666,1.5993026403278103,8,0,1.0,0.9999999905474081,0.0,0.8177360077174318,1.0,0.0
smoke_seed3,lstm,CARLA,1,1,15.35767314664626,2.3177128597650953,0.5066666666666667,0.0,0.5,1.827609076549656,15,0,1.0,0.9999999948253862,0.0,0.8610691299631995,1.0,0.0
smoke_seed3,lstm,CARLA,2,1,18.386987405053794,2.935788466218917,0.5066666666666667,0.0,0.5,1.2369724827602773,15,0,1.0,0.9999999824231754,0.0,0.8724230343560407,1.0,0.0
smoke_seed3,lstm,CARLA,3,1,12.75603945683103,2.0357142143140936,0.52,0.0,0.5,1.1746824411284982,15,0,1.0,0.9999999893025927,0.0,0.8441633841315948,1.0,0.0
smoke_seed3,lstm,CARLA,4,1,22.151341574033157,2.827038138551137,0.2733333333333333,0.0,0.26666666666666666,1.6063446031082238,8,0,1.0,0.9999999938218113,0.0,0.8617265443301118,1.0,0.0
smoke_seed3,lstm,CARLA,5,1,11.68781457403319,1.8251831033356618,0.5,0.0,0.5,1.6183388968354273,15,0,1.0,0.999999993955204,0.0,0.8633532442538283,1.0,0.0
smoke_seed3,lstm,CARLA,6,1,16.593353323430062,2.692638672742178,0.5,0.0,0.5,1.4196769326620533,15,0,1.0,0.9999999955599096,0.0,0.887913767162712,1.0,0.0
smoke_seed3,lstm,CARLA,7,1,12.00433898269516,1.8595792312111035,0.5066666666666667,0.0,0.5,1.418410232863982,15,0,1.0,0.9999999904527808,0.0,0.842507272266828,1.0,0.0
smoke_seed3,lstm,CARLA,8,1,25.454127565721386,3.1131421724855155,0.2733333333333333,0.0,0.26666666666666666,1.8022792354835528,8,0,1.0,0.9999999849931629,0.0,0.8292349280799081,1.0,0.0
smoke_seed3,lstm,CARLA,9,1,17.83182834090561,2.736672191811985,0.5,0.0,0.5,1.482497233874461,15,0,1.0,0.9999999906895709,0.0,0.8424268306293781,1.0,0.0
smoke_seed3,lstm,CARLA,10,1,24.248557128310683,3.7237871609162454,0.5066666666666667,0.0,0.5,1.7631910324971563,15,0,1.0,0.9999999930224609,0.0,0.8100622138065569,1.0,0.0
smoke_seed3,lstm,CARLA,11,1,17.050713457633467,2.6611597277053463,0.5133333333333333,0.0,0.5,1.8484417210307291,15,0,1.0,0.9999999904973363,0.0,0.8458243839846944,1.0,0.0
smoke_seed3,lstm,CARLA,12,1,15.221859011800774,2.3269110453965505,0.5,0.0,0.5,1.7969459801860408,15,0,1.0,0.9999999836611024,0.0,0.883589215050436,1.0,0.0
smoke_seed3,lstm,CARLA,13,1,30.429440478588596,3.9354020165477777,0.26666666666666666,0.0,0.26666666666666666,1.7717517771088676,8,0,1.0,0.9999999910026564,0.0,0.8076173583636729,1.0,0.0
smoke_seed3,lstm,CARLA,14,1,17.040530038573245,2.6244086144312213,0.5,0.0,0.5,1.5934595196713492,15,0,1.0,0.9999999923759357,0.0,0.8724104036930429,1.0,0.0
smoke_seed3,lstm,CARLA,15,1,14.237563900992726,2.1724855921915935,0.5,0.0,0.5,1.7315528996093181,15,0,1.0,0.9999999875552985,0.0,0.8777829091896485,1.0,0.0
smoke_seed3,lstm,CARLA,16,1,22.760160263048295,3.477914744435404,0.2733333333333333,0.0,0.26666666666666666,1.5857420467470627,8,0,1.0,0.9999999875713382,0.0,0.8694380803652738,1.0,0.0
smoke_seed3,lstm,CARLA,17,1,14.244619516867658,2.1579563367170778,0.5,0.0,0.5,1.3378593129490048,15,0,1.0,0.9999999898165417,0.0,0.8715773230991937,1.0,0.0
smoke_seed3,lstm,CARLA,18,1,14.085341221312339,2.1302016679813125,0.5,0.0,0.5,1.490931938663364,15,0,1.0,0.9999999914162787,0.0,0.8804643552772475,1.0,0.0
smoke_seed3,lstm,CARLA,19,1,21.03889420451197,2.662310661891429,0.2866666666666667,0.0,0.26666666666666666,1.3061837516227817,8,0,1.0,0.9999999865356519,0.0,0.8663555257774626,1.0,0.0
smoke_seed3,lstm,CftsCels,0,1,0.6888086924287108,0.3717129711329374,0.7133333333333334,0.0,0.5666666666666667,1.277627678782751,17,0,0.0,0.8800397076982348,0.0,0.9896738796217425,0.0,0.0
smoke_seed3,lstm,CftsCels,1,1,0.7573312489386389,0.383391919038858,0.72,0.0,0.5,1.3014324947977378,10,0,0.0,0.882097644297013,0.0,0.9924604159929903,0.0,0.0
smoke_seed3,lstm,CftsCels,2,1,1.439757909164678,0.9386532727851936,0.7,0.0,0.5666666666666667,1.2446922342418287,16,0,0.0,0.8613140904810185,0.0,0.9797828746330658,0.0,0.0
smoke_seed3,lstm,CftsCels,3,1,0.8075382276679431,0.4777666848202418,0.6933333333333334,0.0,0.4666666666666667,1.0725293439732415,11,0,0.0,0.8449347771328471,0.0,0.9915979331331898,0.0,0.0
smoke_seed3,lstm,CftsCels,4,1,1.0021344418010698,0.5192916307367839,0.7066666666666667,0.0,0.4666666666666667,0.9677055099455963,14,0,0.0,0.8573985246585953,0.0,0.9876652039146335,0.0,0.0
smoke_seed3,lstm,CftsCels,5,1,0.5402421889043914,0.20742110606910064,0.6733333333333333,0.0,0.43333333333333335,1.2167387676241306,11,0,0.0,0.8587102710920889,0.0,0.9943752118319984,0.0,0.0
smoke_seed3,lstm,CftsCels,6,1,0.8098642850299314,0.28691801822892105,0.6866666666666666,0.0,0.4,0.775060086839368,10,0,0.0,0.8732687151095149,0.0,0.9920408471639334,0.0,0.0
smoke_seed3,lstm,CftsCels,7,1,0.7509375741974615,0.5278423982328233,0.7866666666666666,0.0,0.5666666666666667,1.0497250574317245,17,0,0.0,0.8469562185192687,0.0,0.9886207455567456,0.0,0.0
smoke_seed3,lstm,CftsCels,8,1,1.6726736781739187,0.3620919146137895,0.7866666666666666,0.0,0.43333333333333335,1.567676874247508,7,0,0.0,0.8288194510744613,0.0,0.9855648938875877,0.0,0.0
smoke_seed3,lstm,CftsCels,9,1,1.258434348996126,0.25604644066862803,0.47333333333333333,0.0,0.06666666666666667,1.0643654236011733,1,0,0.0,0.8425173873794215,0.0,0.9910324263585016,0.0,0.0
smoke_seed3,lstm,CftsCels,10,1,0.5333234586148009,0.28769505763429326,0.82,0.0,0.6666666666666666,1.1211159160477098,19,0,0.0,0.8174906097494805,0.0,0.9903503551598315,0.0,0.0
smoke_seed3,lstm,CftsCels,11,1,0.7405304933749578,0.26583119639852193,0.68,0.0,0.4666666666666667,1.0818350835017576,12,0,0.0,0.839220689360303,0.0,0.991887770110294,0.0,0.0
smoke_seed3,lstm,CftsCels,12,1,1.2293127098621603,0.3452069582389348,0.5866666666666667,0.0,0.23333333333333334,1.2197836930916446,7,0,0.0,0.862340612740359,0.0,0.988979264598366,0.0,0.0
smoke_seed3,lstm,CftsCels,13,1,2.3531756841265663,0.42529105239771814,0.58,0.0,0.16666666666666666,1.3492508620358956,0,0,0.0,0.8375361937269603,0.0,0.9843898742494854,0.0,0.0
smoke_seed3,lstm,CftsCels,14,1,1.1176319499485123,0.4324067237883671,0.4866666666666667,0.0,0.1,1.1391690985134697,2,0,0.0,0.8393985253563424,0.0,0.9921276205334444,0.0,0.0
smoke_seed3,lstm,CftsCels,15,1,0.540088400641337,0.3214421770194021,0.7266666666666667,0.0,0.4666666666666667,1.1758545118870327,14,0,0.0,0.8653113677551237,0.0,0.9933576942212718,0.0,0.0
smoke_seed3,lstm,CftsCels,16,1,2.6159608990298198,0.5328903216004867,0.7133333333333334,0.0,0.4666666666666667,1.1552581625977996,14,0,0.0,0.8930350583478696,0.0,0.9684982659581032,0.0,0.0
smoke_seed3,lstm,CftsCels,17,1,0.5960241180592608,0.2980181650811755,0.6933333333333334,0.0,0.4,1.0945680819218695,12,0,0.0,0.8486887086685502,0.0,0.9935982711978364,0.0,0.0
smoke_seed3,lstm,CftsCels,18,1,1.1107485516678008,0.26686329939424625,0.62,0.0,0.13333333333333333,1.2491516629115413,1,0,0.0,0.8355080789156474,0.0,0.9925489929643696,0.0,0.0
smoke_seed3,lstm,CftsCels,19,1,1.1247965351131552,0.6117801130113621,0.6933333333333334,0.0,0.5333333333333333,1.4077053844259755,16,0,0.0,0.8867639571150592,0.0,0.9843699009441121,0.0,0.0
smoke_seed3,lstm,CftsCOMTE,0,1,44.74087408369334,3.8077370680361833,0.0,0.0,0.0,0.7042042907946178,0,0,0.0,0.6881151533571197,0.0,0.7441279290007079,0.0,0.0
smoke_seed3,lstm,CftsCOMTE,1,1,42.8140726247333,3.644564401354505,0.0,0.0,0.0,0.6620574236814487,0,0,0.0,0.738979419550085,0.0,0.7607294175864207,0.0,0.0
smoke_seed3,lstm,CftsCOMTE,2,1,52.81456763080101,4.57749770397738,0.0,0.0,0.0,0.6206465787231285,0,0,0.0,0.6414512447722522,0.0,0.7279705580431788,0.0,0.0
smoke_seed3,lstm,CftsCOMTE,3,1,25.060979144406936,2.046221060163388,0.0,0.0,0.0,0.5770234445491985,0,0,0.0,0.721284132765703,0.0,0.872333948450415,0.0,0.0
smoke_seed3,lstm,CftsCOMTE,4,1,29.782284749087108,2.8728090894155476,0.0,0.0,0.0,0.6400561457832682,0,0,0.0,0.7820990207645246,0.0,0.8321110182306762,0.0,0.0
smoke_seed3,lstm,CftsCOMTE,5,1,25.053530895758858,2.0456123041598686,0.0,0.0,0.0,0.780854417369028,0,0,0.0,0.7968471726358709,0.0,0.8655743744488603,0.0,0.0
smoke_seed3,lstm,CftsCOMTE,6,1,32.96809745996305,2.7074706521811676,0.0,0.0,0.0,0.6989400329841874,0,0,0.0,0.7972700211622398,0.0,0.8310963391562293,0.0,0.0
smoke_seed3,lstm,CftsCOMTE,7,1,45.94100690714117,3.8447061867004586,0.0,0.0,0.0,0.5819385201951822,0,0,0.0,0.729381173131661,0.0,0.7698197981783307,0.0,0.0
smoke_seed3,lstm,CftsCOMTE,8,1,33.72804986998829,2.827440308164525,0.0,0.0,0.0,0.7747860564675517,0,0,0.0,0.7552760766467396,0.0,0.8160109953178306,0.0,0.0
smoke_seed3,lstm,CftsCOMTE,9,1,33.02262645262812,2.7765074766766533,0.0,0.0,0.0,0.5895962058455018,0,0,0.0,0.7979399103633256,0.0,0.8068037110204733,0.0,0.0
smoke_seed3,lstm,CftsCOMTE,10,1,33.30773744016791,2.7721121796909127,0.0,0.0,0.0,0.4787872113457164,0,0,0.0,0.7620828546434351,0.0,0.8358749722547717,0.0,0.0
smoke_seed3,lstm,CftsCOMTE,11,1,25.050405818809416,2.0453671692455537,0.0,0.0,0.0,0.792371530451134,0,0,0.0,0.7732732612707676,0.0,0.8660019707801826,0.0,0.0
smoke_seed3,lstm,CftsCOMTE,12,1,44.093932568117765,3.7076295373793555,0.0,0.0,0.0,0.8553739389428516,0,0,0.0,0.7526999570851481,0.0,0.7747523004744674,0.0,0.0
smoke_seed3,lstm,CftsCOMTE,13,1,44.7150856570969,3.7628544364175465,0.0,0.0,0.0,0.38708675531003833,0,0,0.0,0.7571192719484399,0.0,0.7913900999151615,0.0,0.0
smoke_seed3,lstm,CftsCOMTE,14,1,39.84946120703964,3.433960166909122,0.0,0.0,0.0,0.589835725903586,0,0,0.0,0.7792947682700677,0.0,0.7741782128697628,0.0,0.0
smoke_seed3,lstm,CftsCOMTE,15,1,35.325179362481855,2.9230983994752786,0.0,0.0,0.0,0.8080071111165216,0,0,0.0,0.7591058097823263,0.0,0.8165140006921544,0.0,0.0
smoke_seed3,lstm,CftsCOMTE,16,1,33.82206485029474,2.7654352635979356,0.0,0.0,0.0,0.6079074157902828,0,0,0.0,0.7598084443253089,0.0,0.8259505869296329,0.0,0.0
smoke_seed3,lstm,CftsCOMTE,17,1,25.053413273825228,2.0456042480322574,0.0,0.0,0.0,0.6883677706644413,0,0,0.0,0.8183015343550034,0.0,0.8706370135364497,0.0,0.0
smoke_seed3,lstm,CftsCOMTE,18,1,32.10092484779677,2.648059561148944,0.0,0.0,0.0,0.5713961724932479,0,0,0.0,0.8048235477905361,0.0,0.8386771579522563,0.0,0.0
smoke_seed3,lstm,CftsCOMTE,19,1,43.34878887810274,3.7306382713125714,0.0,0.0,0.0,0.7985029068533503,0,0,0.0,0.7405619647819051,0.0,0.7662707223429821,0.0,0.0
smoke_seed3,lstm,CftsConfeti,0,1,20.837061303176093,3.005146390683065,0.43333333333333335,0.0,0.0,1.372751214230262,0,0,0.0,0.8365344768323679,0.0,0.8573345128418416,0.0,0.0
smoke_seed3,lstm,CftsConfeti,1,0,5.306574005885527e-07,6.567852494323446e-08,1.0,1.0,1.0,1.43320906700637,29,1,nan,nan,nan,nan,0.0,0.0
smoke_seed3,lstm,CftsConfeti,2,0,9.891781390076277e-07,1.27362206476963e-07,1.0,1.0,1.0,1.4460360822721159,29,1,nan,nan,nan,nan,0.0,0.0
smoke_seed3,lstm,CftsConfeti,3,1,20.91980199054254,3.1075405332073167,0.4666666666666667,0.0,0.0,1.6477932142068672,0,0,0.0,0.7816887960034247,0.0,0.8641794489090683,0.0,0.0
smoke_seed3,lstm,CftsConfeti,4,0,5.23263021801328e-07,7.21617407872118e-08,1.0,1.0,1.0,1.506941734626168,29,1,nan,nan,nan,nan,0.0,0.0
smoke_seed3,lstm,CftsConfeti,5,1,17.620136911679886,2.902745657735822,0.5533333333333333,0.0,0.03333333333333333,1.5104982770368045,0,0,0.0,0.8159903903953325,0.0,0.8943292251628694,0.0,0.0
smoke_seed3,lstm,CftsConfeti,6,1,20.96986894125423,3.1607756435038725,0.5066666666666667,0.0,0.0,1.5069076944629058,0,0,0.0,0.8433127190614554,0.0,0.8709121631176292,0.0,0.0
smoke_seed3,lstm,CftsConfeti,7,1,21.992572226583725,3.253633729487622,0.4866666666666667,0.0,0.0,1.5560974160920689,0,0,0.0,0.817692193026768,0.0,0.8560035730846088,0.0,0.0
smoke_seed3,lstm,CftsConfeti,8,1,18.282120778608796,2.8044810885795486,0.5,0.0,0.03333333333333333,1.5533408304988507,0,0,0.0,0.8481636219864656,0.0,0.8760525948527648,0.0,0.0
smoke_seed3,lstm,CftsConfeti,9,1,20.078839603649634,2.9356387116361677,0.47333333333333333,0.0,0.03333333333333333,1.317715940437841,0,0,0.0,0.8386550171023345,0.0,0.8543658816468855,0.0,0.0
smoke_seed3,lstm,CftsConfeti,10,1,24.045708494800607,3.457510610406061,0.4866666666666667,0.0,0.0,1.5285772911484206,0,0,0.0,0.8443932906748942,0.0,0.8521733639417822,0.0,0.0
smoke_seed3,lstm,CftsConfeti,11,1,15.560766593099789,2.462803509892128,0.5666666666666667,0.0,0.03333333333333333,1.509750635322426,0,0,0.0,0.8490676668158585,0.0,0.9031258192343589,0.0,0.0
smoke_seed3,lstm,CftsConfeti,12,0,6.000353324018409e-07,7.028717421856651e-08,1.0,1.0,1.0,1.4704378416561943,29,1,nan,nan,nan,nan,0.0,0.0
smoke_seed3,lstm,CftsConfeti,13,1,24.90340532414466,3.7305054782965477,0.4866666666666667,0.0,0.1,1.404140960091541,0,0,0.0,0.8394920840657526,0.0,0.8559723635835754,0.0,0.0
smoke_seed3,lstm,CftsConfeti,14,1,15.555656209623164,2.3495528804923187,0.54,0.0,0.03333333333333333,1.4882650338154273,0,0,0.0,0.832630289187283,0.0,0.90100920300931,0.0,0.0
smoke_seed3,lstm,CftsConfeti,15,1,14.163117340042644,2.0577756909263294,0.4866666666666667,0.0,0.03333333333333333,1.4848885448621465,0,0,0.0,0.8473421965977959,0.0,0.9088458729144919,0.0,0.0
smoke_seed3,lstm,CftsConfeti,16,1,25.380249972507187,3.5408399832669954,0.44666666666666666,0.0,0.0,1.266042685620551,0,0,0.0,0.8446724515576984,0.0,0.8509358423276923,0.0,0.0
smoke_seed3,lstm,CftsConfeti,17,1,15.795918031108798,2.2813061025397845,0.49333333333333335,0.0,0.03333333333333333,1.427996840166047,0,0,0.0,0.8526900884290974,0.0,0.8912006957294749,0.0,0.0
smoke_seed3,lstm,CftsConfeti,18,1,14.382912105615262,2.126433771468257,0.5266666666666666,0.0,0.0,1.4050797311474936,0,0,0.0,0.8418635043087797,0.0,0.9069841285013027,0.0,0.0
smoke_seed3,lstm,CftsConfeti,19,0,8.360883379386792e-07,1.0397292940215815e-07,1.0,1.0,1.0,1.492171543151197,29,1,nan,nan,nan,nan,0.0,0.0
smoke_seed3,lstm,CftsCounts,0,0,26.329441865079126,2.9241340302008516,0.006666666666666667,0.0,0.0,1.4161765266584287,0,0,0.0,0.9262024964511962,0.0,0.835524186081414,0.0,0.0
smoke_seed3,lstm,CftsCounts,1,1,22.32934826092525,2.3877099357563045,0.006666666666666667,0.0,0.0,1.2654617160877752,0,0,0.0,0.934110289695063,0.0,0.8636987597931844,0.0,0.0
smoke_seed3,lstm,CftsCounts,2,1,47.73713585149326,5.158986723573263,0.02,0.0,0.0,1.810851604628353,0,0,0.0,0.9413970014702678,0.0,0.7300767828397348,0.0,0.0
smoke_seed3,lstm,CftsCounts,3,1,44.50577230950978,4.875950621317598,0.006666666666666667,0.0,0.0,1.3819177595791357,0,0,0.0,0.8971779840232036,0.0,0.744567275232922,0.0,0.0
smoke_seed3,lstm,CftsCounts,4,0,24.92881850956049,2.643833839607985,0.0,0.0,0.0,1.5261162745821995,0,0,0.0,0.9159678589702598,0.0,0.8566747829079897,0.0,0.0
smoke_seed3,lstm,CftsCounts,5,1,34.168131391310155,3.769942239167012,0.006666666666666667,0.0,0.0,1.7851346258357574,0,0,0.0,0.9348314626696899,0.0,0.8325746477951278,0.0,0.0
smoke_seed3,lstm,CftsCounts,6,0,35.81386991095715,4.189720720063052,0.0,0.0,0.0,1.693780026975792,0,0,0.0,0.9942650559935804,0.0,0.867310243523361,0.0,0.0
smoke_seed3,lstm,CftsCounts,7,0,32.396734950617386,3.4859426858320472,0.0,0.0,0.0,1.4560929477368625,0,0,0.0,0.919002427814587,0.0,0.826856447565458,0.0,0.0
smoke_seed3,lstm,CftsCounts,8,1,31.751744517984278,3.401090373935737,0.006666666666666667,0.0,0.0,1.6765491054966242,0,0,0.0,0.9267640913268567,0.0,0.840114059230303,0.0,0.0
smoke_seed3,lstm,CftsCounts,9,0,23.35201440242539,2.6873811245086103,0.0,0.0,0.0,1.4314985720958304,0,0,0.0,0.9093774805239516,0.0,0.8495521685953694,0.0,0.0
smoke_seed3,lstm,CftsCounts,10,0,33.814618047186464,3.656885899117383,0.0,0.0,0.0,1.8067524372575663,0,0,0.0,0.9116931344580379,0.0,0.8216875116047377,0.0,0.0
smoke_seed3,lstm,CftsCounts,11,1,28.514783685542383,3.3739096846543317,0.006666666666666667,0.0,0.0,1.5998601510538306,0,0,0.0,0.9568043086277891,0.0,0.8256796389011947,0.0,0.0
smoke_seed3,lstm,CftsCounts,12,1,27.4327882614898,2.998893191071342,0.006666666666666667,0.0,0.0,1.2629619795416278,0,0,0.0,0.9218617021369553,0.0,0.8405080827354833,0.0,0.0
smoke_seed3,lstm,CftsCounts,13,0,33.6405932901588,4.186739370203458,0.02666666666666667,0.0,0.0,1.4494664333425995,0,0,0.0,0.8990635143423025,0.0,0.8193075128413837,0.0,0.0
smoke_seed3,lstm,CftsCounts,14,0,25.0869183580944,2.5894536417372667,0.0,0.0,0.0,1.1619820085058357,0,0,0.0,0.9636141677419577,0.0,0.8474426814810384,0.0,0.0
smoke_seed3,lstm,CftsCounts,15,1,23.45226519435557,2.518520264262721,0.0,0.0,0.0,1.5101989320996432,0,0,0.0,0.9083090678791227,0.0,0.8652139803633118,0.0,0.0
smoke_seed3,lstm,CftsCounts,16,0,24.185784254101993,2.7292550014838426,0.0,0.0,0.0,1.3307578323612592,0,0,0.0,0.8522941174067298,0.0,0.8528255837978355,0.0,0.0
smoke_seed3,lstm,CftsCounts,17,1,24.835180918580907,2.6736370782604126,0.02,0.0,0.0,1.463772286268662,0,0,0.0,0.9366098410706353,0.0,0.8439275596602847,0.0,0.0
smoke_seed3,lstm,CftsCounts,18,0,23.52515678019851,2.676805907903843,0.0,0.0,0.0,1.4248581453234905,0,0,0.0,0.926131120167712,0.0,0.8689099721066845,0.0,0.0
smoke_seed3,lstm,CftsCounts,19,0,30.12946927954649,3.2474137785493857,0.0,0.0,0.0,1.3928360604052992,0,0,0.0,0.9305292356173143,0.0,0.849036998730907,0.0,0.0
smoke_seed3,lstm,CftsWachter,0,1,35.31842054570438,3.6755263709310695,0.0,0.0,0.0,1.0118199989002832,0,0,0.0,0.8390219284946384,0.0,0.7954535962646034,0.0,0.0
smoke_seed3,lstm,CftsWachter,1,1,32.20871087055815,3.265047792181969,0.0,0.0,0.0,1.3762376946085806,0,0,0.0,0.8697124352791695,0.0,0.8239944999999664,0.0,0.0
smoke_seed3,lstm,CftsWachter,2,1,57.873093694149944,6.794425782305007,0.006666666666666667,0.0,0.0,1.6852672664699482,0,0,0.0,0.8634961173387304,0.0,0.6772445857573931,0.0,0.0
smoke_seed3,lstm,CftsWachter,3,1,47.729702996911875,5.263562362314513,0.0,0.0,0.0,1.23452046489652,0,0,0.0,0.8111457576175615,0.0,0.7372611398690779,0.0,0.0
smoke_seed3,lstm,CftsWachter,4,1,36.60683602057158,4.402360971176862,0.0,0.0,0.0,1.2863567903005602,0,0,0.0,0.8326317773469593,0.0,0.7863241342004905,0.0,0.0
smoke_seed3,lstm,CftsWachter,5,1,42.30909964935856,4.400961869077557,0.0,0.0,0.0,1.7592925241990849,0,0,0.0,0.8806173443413418,0.0,0.7964274925446037,0.0,0.0
smoke_seed3,lstm,CftsWachter,6,1,31.694030515568233,3.3932633919053474,0.006666666666666667,0.0,0.0,1.40792370545894,0,0,0.0,0.863509259900638,0.0,0.8240618322330127,0.0,0.0
smoke_seed3,lstm,CftsWachter,7,1,44.172843543138484,4.914676012187397,0.006666666666666667,0.0,0.0,1.2609623215378867,0,0,0.0,0.8538237470939154,0.0,0.7860800757096887,0.0,0.0
smoke_seed3,lstm,CftsWachter,8,1,42.23127551359292,4.620843600722577,0.013333333333333334,0.0,0.0,1.0729773754093057,0,0,0.0,0.7820657581393962,0.0,0.7663023177498035,0.0,0.0
smoke_seed3,lstm,CftsWachter,9,1,37.90719977615851,3.9993853078093085,0.006666666666666667,0.0,0.0,1.2282790162546646,0,0,0.0,0.8204802364260136,0.0,0.7985365078567895,0.0,0.0
smoke_seed3,lstm,CftsWachter,10,1,34.60453596073333,3.6499208917975756,0.013333333333333334,0.0,0.0,1.3098109022173168,0,0,0.0,0.84662118376701,0.0,0.787319998253553,0.0,0.0
smoke_seed3,lstm,CftsWachter,11,1,39.87708782489126,4.392403321582397,0.0,0.0,0.0,1.3831128973750928,0,0,0.0,0.8696539311901222,0.0,0.7740914951389838,0.0,0.0
smoke_seed3,lstm,CftsWachter,12,1,45.306949724064694,5.4958685064790584,0.006666666666666667,0.0,0.0,1.326764447601258,0,0,0.0,0.7704447524931376,0.0,0.7405602165893693,0.0,0.0
smoke_seed3,lstm,CftsWachter,13,1,61.26472625022783,6.837865393189442,0.0,0.0,0.0,1.0480156151511173,0,0,0.0,0.8488231007347482,0.0,0.7815643525326776,0.0,0.0
smoke_seed3,lstm,CftsWachter,14,1,44.59895764616992,5.12128803450397,0.013333333333333334,0.0,0.0,1.269160736812902,0,0,0.0,0.8230944784992653,0.0,0.736548635453656,0.0,0.0
smoke_seed3,lstm,CftsWachter,15,1,38.7177329268016,4.723436115551545,0.006666666666666667,0.0,0.0,1.5055185082420153,0,0,0.0,0.8243420256992807,0.0,0.7499264002340715,0.0,0.0
smoke_seed3,lstm,CftsWachter,16,1,45.696242333908614,5.201034500765586,0.0,0.0,0.0,1.2964340695603027,0,0,0.0,0.8417361283031406,0.0,0.7792809373133354,0.0,0.0
smoke_seed3,lstm,CftsWachter,17,1,36.24504565649072,4.206452165623361,0.013333333333333334,0.0,0.0,1.022869489909011,0,0,0.0,0.863311932980697,0.0,0.8431448309827042,0.0,0.0
smoke_seed3,lstm,CftsWachter,18,1,50.27151052409181,5.382238816296392,0.0,0.0,0.0,1.2974421000930692,0,0,0.0,0.8559221983989123,0.0,0.7633805558489449,0.0,0.0
smoke_seed3,lstm,CftsWachter,19,1,40.700230311318506,4.712657321831697,0.006666666666666667,0.0,0.0,1.0448138049244027,0,0,0.0,0.8315584958777008,0.0,0.7663766563781335,0.0,0.0
smoke_seed3,lstm,PearlCARLA,0,1,23.02266041981171,4.312482562976619,0.6866666666666666,0.0,0.5,1.809426622583735,15,0,0.0,0.8748222700642531,1.0,0.9999999838245239,0.0,1.0
smoke_seed3,lstm,PearlCARLA,1,1,19.953481728217113,4.445464867415737,0.6866666666666666,0.0,0.5,1.5534431502273527,15,0,0.0,0.8610691277178592,1.0,0.9999999830718551,0.0,1.0
smoke_seed3,lstm,PearlCARLA,2,1,31.20991950034214,6.487038522069037,0.6866666666666666,0.0,0.5,1.3073762022400122,15,0,0.0,0.8724230134812512,1.0,0.99999996056936,0.0,1.0
smoke_seed3,lstm,PearlCARLA,3,1,8.314149481386847,1.7267613718834602,0.6866666666666666,0.0,0.5,1.6533481345215981,15,0,0.0,0.8441633551037234,1.0,0.9999999707292935,0.0,1.0
smoke_seed3,lstm,PearlCARLA,4,1,24.338103506920888,5.562483121889167,0.6866666666666666,0.0,0.5,1.5188005254800239,15,0,0.0,0.8471532304517106,1.0,0.9999999824889659,0.0,1.0
smoke_seed3,lstm,PearlCARLA,5,1,5.859776192422262,1.317450511121735,0.7,0.2,0.5,1.443386095916767,15,0,0.0,0.8633532432989967,1.0,0.9999999846926944,0.0,1.0
smoke_seed3,lstm,PearlCARLA,6,1,21.02587606512848,3.9679070956083033,0.6866666666666666,0.0,0.5,1.7993138026409135,15,0,0.0,0.8879137602619765,1.0,0.9999999866099682,0.0,1.0
smoke_seed3,lstm,PearlCARLA,7,1,17.881593471474986,3.721345276497526,0.6866666666666666,0.0,0.5,1.6516074600752648,15,0,0.0,0.8425072733416996,1.0,0.9999999835528616,0.0,1.0
smoke_seed3,lstm,PearlCARLA,8,1,15.095418945108788,2.905771795828846,0.6866666666666666,0.0,0.5,1.76796710165675,15,0,0.0,0.8486337649785365,1.0,0.9999999806033533,0.0,1.0
smoke_seed3,lstm,PearlCARLA,9,1,14.429833398521952,3.0681618045391197,0.6866666666666666,0.0,0.5,1.351198955930309,15,0,0.0,0.8424268337592588,1.0,0.9999999854977459,0.0,1.0
smoke_seed3,lstm,PearlCARLA,10,1,10.374245626824065,2.052667036723058,0.6866666666666666,0.0,0.5,1.2080852727512053,15,0,0.0,0.8100622111313469,1.0,0.9999999790790708,0.0,1.0
smoke_seed3,lstm,PearlCARLA,11,1,13.623590288718066,2.6210589532805377,0.6933333333333334,0.0,0.5,1.769253537022986,15,0,0.0,0.8458243698577648,1.0,0.9999999841497462,0.0,1.0
smoke_seed3,lstm,PearlCARLA,12,1,24.624030237915488,4.853601947954703,0.6866666666666666,0.0,0.5,1.1917940419598578,15,0,0.0,0.8835892229735648,1.0,0.9999999713329586,0.0,1.0
smoke_seed3,lstm,PearlCARLA,13,1,19.564810365229373,4.234401225900394,0.6866666666666666,0.0,0.5,1.59356632948012,15,0,0.0,0.8173906830039354,1.0,0.9999999762576262,0.0,1.0
smoke_seed3,lstm,PearlCARLA,14,1,28.537365366195548,5.774091442343616,0.6866666666666666,0.0,0.5,1.693201906111238,15,0,0.0,0.8724103992996864,1.0,0.9999999784903156,0.0,1.0
smoke_seed3,lstm,PearlCARLA,15,1,15.876526977587393,2.879613804865691,0.6866666666666666,0.0,0.5,1.8624280129749775,15,0,0.0,0.8777829032461386,1.0,0.9999999764317195,0.0,1.0
smoke_seed3,lstm,PearlCARLA,16,1,12.471920094747826,2.2224211068021944,0.6866666666666666,0.0,0.5,0.8934632495833904,15,0,0.0,0.8811445825562256,1.0,0.9999999864959793,0.0,1.0
smoke_seed3,lstm,PearlCARLA,17,1,9.741580035616987,1.9067858438532772,0.6933333333333334,0.2,0.5,1.7425997520492567,15,0,0.0,0.8715773270848193,1.0,0.9999999742713492,0.0,1.0
smoke_seed3,lstm,PearlCARLA,18,1,11.395455949224857,2.6368660551383623,0.7,0.0,0.5,1.486292456316486,15,0,0.0,0.8804643481085624,1.0,0.9999999851582685,0.0,1.0
smoke_seed3,lstm,PearlCARLA,19,1,18.417176679782592,4.071918050349147,0.6866666666666666,0.0,0.5,1.5634488815759093,15,0,0.0,0.8759173601488627,1.0,0.9999999791923382,0.0,1.0
