benchmark,classifier,method,instance,validity,proximity_l1,proximity_l2,sparsity,sparsity_channels,sparsity_timepoints,trsi,intervention_t,vacuous,cf_faith_rollout_hard,cf_faith_rollout_soft,cf_faith_pearl_hard,cf_faith_pearl_soft,cf_faith_rollout_hard_valid,cf_faith_pearl_hard_valid,horizon,t0,t_label,label_horizon
smoke_interior_label,lstm,CARLA,0,0,0.6858698165620388,0.2964811850528843,0.9333333333333333,0.0,0.9333333333333333,0.8831561909259016,28,0,1.0,0.9999999950226712,0.0,0.9511414883307646,0.0,0.0,2,28,18,-10
smoke_interior_label,lstm,CARLA,1,0,0.8143215456063441,0.2798291060691109,0.9333333333333333,0.0,0.9333333333333333,0.7250521757187238,28,0,1.0,0.9999999967477659,0.0,0.976265627326714,0.0,0.0,2,28,18,-10
smoke_interior_label,lstm,CARLA,2,0,1.415242810438103,0.7177203366943846,0.9333333333333333,0.0,0.9333333333333333,1.0875246326945816,28,0,1.0,0.9999999906238004,0.0,0.8781567579616492,0.0,0.0,2,28,18,-10
smoke_interior_label,lstm,CARLA,3,0,0.9768164500144177,0.3705593326291585,0.9333333333333333,0.0,0.9333333333333333,0.9648736376551279,28,0,1.0,0.9999999963081401,0.0,0.9505917229774627,0.0,0.0,2,28,18,-10
smoke_interior_label,lstm,CARLA,4,0,0.6711861888200639,0.2605974732271525,0.9333333333333333,0.0,0.9333333333333333,0.8853681322207047,28,0,1.0,0.9999999957013933,0.0,0.9723750999389403,0.0,0.0,2,28,18,-10
smoke_interior_label,lstm,CARLA,5,0,0.5944772238888231,0.2842935507783402,0.9333333333333333,0.0,0.9333333333333333,1.0241532684445755,28,0,1.0,0.9999999872276346,0.0,0.9603376406776218,0.0,0.0,2,28,18,-10
smoke_interior_label,lstm,CARLA,6,0,0.7145552145296562,0.4110498142235392,0.9333333333333333,0.0,0.9333333333333333,1.0146711601291813,28,0,1.0,0.9999999931134628,0.0,0.9365594809749448,0.0,0.0,2,28,18,-10
smoke_interior_label,lstm,CARLA,7,0,0.5566104975048303,0.22792009795925625,0.9333333333333333,0.0,0.9333333333333333,1.1833411506335154,28,0,1.0,0.999999992139852,0.0,0.9600620717806108,0.0,0.0,2,28,18,-10
smoke_interior_label,lstm,CARLA,8,0,0.7996801563883534,0.371000546858943,0.9333333333333333,0.0,0.9333333333333333,1.0632533196372196,28,0,1.0,0.9999999951750165,0.0,0.9433998985334323,0.0,0.0,2,28,18,-10
smoke_interior_label,lstm,CARLA,9,0,0.6048810081637566,0.30453193771877246,0.9333333333333333,0.0,0.9333333333333333,1.2510618074786752,28,0,1.0,0.9999999975565981,0.0,0.9302241549785489,0.0,0.0,2,28,18,-10
smoke_interior_label,lstm,CARLA,10,0,0.8723815092678435,0.4052929244102251,0.9333333333333333,0.0,0.9333333333333333,0.9025610507453556,28,0,1.0,0.9999999978953227,0.0,0.9549977060522142,0.0,0.0,2,28,18,-10
smoke_interior_label,lstm,CARLA,11,0,0.7372004079294531,0.3074063999056904,0.94,0.0,0.9333333333333333,1.056795591590237,28,0,1.0,0.9999999916318661,0.0,0.9393786822286333,0.0,0.0,2,28,18,-10
smoke_interior_label,lstm,CARLA,12,0,0.9119489477085894,0.35671799247486186,0.9333333333333333,0.0,0.9333333333333333,0.9191340246243708,28,0,1.0,0.9999999964723135,0.0,0.9798033980829343,0.0,0.0,2,28,18,-10
smoke_interior_label,lstm,CARLA,13,0,1.1812112877728917,0.45508850821023555,0.9333333333333333,0.0,0.9333333333333333,0.8273535778289243,28,0,1.0,0.999999993285967,0.0,0.9542109495663701,0.0,0.0,2,28,18,-10
smoke_interior_label,lstm,CARLA,14,0,0.8606680034599717,0.3601006526797482,0.94,0.0,0.9333333333333333,1.1090101326164583,28,0,1.0,0.9999999937238679,0.0,0.9297130977054984,0.0,0.0,2,28,18,-10
smoke_interior_label,lstm,CARLA,15,0,0.7140519295539097,0.2734290983336001,0.9333333333333333,0.0,0.9333333333333333,0.8979293636335492,28,0,1.0,0.9999999947656949,0.0,0.9819166503115077,0.0,0.0,2,28,18,-10
smoke_interior_label,lstm,CARLA,16,0,0.6898504895658274,0.2735498992425839,0.9333333333333333,0.0,0.9333333333333333,0.7930084652169047,28,0,1.0,0.999999997172427,0.0,0.9661570682426418,0.0,0.0,2,28,18,-10
smoke_interior_label,lstm,CARLA,17,0,0.9526137227588023,0.3772052409871276,0.9333333333333333,0.0,0.9333333333333333,1.1741274633951329,28,0,1.0,0.9999999883461893,0.0,0.9168633337917593,0.0,0.0,2,28,18,-10
smoke_interior_label,lstm,CARLA,18,0,0.8185419223698105,0.28889446330272234,0.9333333333333333,0.0,0.9333333333333333,0.8990699296886989,28,0,1.0,0.9999999951669106,0.0,0.9803721059609422,0.0,0.0,2,28,18,-10
smoke_interior_label,lstm,CARLA,19,0,0.4760794225454078,0.2068189895227307,0.9333333333333333,0.0,0.9333333333333333,0.9107347149666262,28,0,1.0,0.9999999994473266,0.0,0.9452681390592801,0.0,0.0,2,28,18,-10
smoke_interior_label,lstm,PearlCARLA,0,0,2.0081976021515775,0.801600370262784,0.94,0.0,0.9333333333333333,0.8233073447148521,28,0,0.0,0.9511414832248241,1.0,0.9999999951110592,0.0,0.0,2,28,18,-10
smoke_interior_label,lstm,PearlCARLA,1,0,3.698714255886207,1.4190853567280732,0.94,0.0,0.9333333333333333,0.798933576744838,28,0,0.0,0.9762656223946719,1.0,0.999999986298935,0.0,0.0,2,28,18,-10
smoke_interior_label,lstm,PearlCARLA,2,0,3.285622191868618,1.263279967785395,0.94,0.0,0.9333333333333333,0.8062874367451259,28,0,0.0,0.8781567634448785,1.0,0.9999999941348188,0.0,0.0,2,28,18,-10
smoke_interior_label,lstm,PearlCARLA,3,0,3.4140802428940686,1.3065306008792426,0.94,0.0,0.9333333333333333,0.8011337328458124,28,0,0.0,0.9505917256689111,1.0,0.9999999938745281,0.0,0.0,2,28,18,-10
smoke_interior_label,lstm,PearlCARLA,4,0,2.6693335480596083,1.0692607459667096,0.94,0.0,0.9333333333333333,0.8234297368573735,28,0,0.0,0.9723750883873885,1.0,0.9999999825302284,0.0,0.0,2,28,18,-10
smoke_interior_label,lstm,PearlCARLA,5,0,0.9903049278879561,0.45824878651022527,0.94,0.0,0.9333333333333333,0.9855099008253275,28,0,0.0,0.9603376438790486,1.0,0.99999997747699,0.0,0.0,2,28,18,-10
smoke_interior_label,lstm,PearlCARLA,6,0,0.7712817990755052,0.37166399130593686,0.94,0.0,0.9333333333333333,0.9878054099236157,28,0,0.0,0.9365594710993322,1.0,0.9999999877631465,0.0,0.0,2,28,18,-10
smoke_interior_label,lstm,PearlCARLA,7,0,2.5876042035422806,1.1520495183131765,0.94,0.0,0.9333333333333333,0.9050450473814083,28,0,0.0,0.9600620717218344,1.0,0.9999999849111709,0.0,0.0,2,28,18,-10
smoke_interior_label,lstm,PearlCARLA,8,0,2.2167159671550687,0.8953539840132794,0.94,0.0,0.9333333333333333,0.8332229249261234,28,0,0.0,0.9433999002464266,1.0,0.9999999881415295,0.0,0.0,2,28,18,-10
smoke_interior_label,lstm,PearlCARLA,9,0,3.1613239257025296,1.2258390414392613,0.94,0.0,0.9333333333333333,0.8113129421071231,28,0,0.0,0.930224157552512,1.0,0.9999999888493265,0.0,0.0,2,28,18,-10
smoke_interior_label,lstm,PearlCARLA,10,0,2.6368216782072333,1.160787626900975,0.94,0.0,0.9333333333333333,0.8976305790819097,28,0,0.0,0.9549977059488703,1.0,0.9999999981175605,0.0,0.0,2,28,18,-10
smoke_interior_label,lstm,PearlCARLA,11,0,2.6675278256549384,1.0859828909371314,0.94,0.0,0.9333333333333333,0.8355371004406817,28,0,0.0,0.9393786845105232,1.0,0.9999999883070935,0.0,0.0,2,28,18,-10
smoke_interior_label,lstm,PearlCARLA,12,0,3.697410098294609,1.560998739852791,0.94,0.0,0.9333333333333333,0.8726488224217315,28,0,0.0,0.9798033979387694,1.0,0.9999999878520369,0.0,0.0,2,28,18,-10
smoke_interior_label,lstm,PearlCARLA,13,0,3.735029244015602,1.5758648189069904,0.94,0.0,0.9333333333333333,0.8641884329469665,28,0,0.0,0.9542109439831838,1.0,0.9999999934947555,0.0,0.0,2,28,18,-10
smoke_interior_label,lstm,PearlCARLA,14,0,2.948884031732052,1.2101507193210186,0.94,0.0,0.9333333333333333,0.8309667991227017,28,0,0.0,0.9297130900826577,1.0,0.9999999773102152,0.0,0.0,2,28,18,-10
smoke_interior_label,lstm,PearlCARLA,15,0,3.2282409554343166,1.2688868628668244,0.94,0.0,0.9333333333333333,0.8183050911090995,28,0,0.0,0.9819166561988975,1.0,0.9999999917106246,0.0,0.0,2,28,18,-10
smoke_interior_label,lstm,PearlCARLA,16,1,2.4519278248412992,0.9450005993250989,0.94,0.0,0.9333333333333333,0.8172819374702598,28,0,0.0,0.9661570665050202,1.0,0.9999999948907534,0.0,1.0,2,28,18,-10
smoke_interior_label,lstm,PearlCARLA,17,0,3.0960454208718566,1.1902069661369705,0.94,0.0,0.9333333333333333,0.8083263645175724,28,0,0.0,0.9168633321524783,1.0,0.9999999847029002,0.0,0.0,2,28,18,-10
smoke_interior_label,lstm,PearlCARLA,18,1,3.6262318871410812,1.382798911707998,0.94,0.0,0.9333333333333333,0.795352387568333,28,0,0.0,0.980372105519404,1.0,0.9999999925816437,0.0,1.0,2,28,18,-10
smoke_interior_label,lstm,PearlCARLA,19,0,2.5144679700405765,0.9995655074133719,0.94,0.0,0.9333333333333333,0.8299993049979457,28,0,0.0,0.9452681371476114,1.0,0.9999999920816248,0.0,0.0,2,28,18,-10
smoke_interior_label,lstm,CARLA,0,0,4.903153281650153,1.4759473275785655,0.8333333333333334,0.0,0.8333333333333334,0.9215442217090452,25,0,1.0,0.9999999808995799,0.0,0.8959376558895458,0.0,0.0,5,25,18,-7
smoke_interior_label,lstm,CARLA,1,0,8.246542929878931,2.7745885887276662,0.8333333333333334,0.0,0.8333333333333334,1.385642807471146,25,0,1.0,0.9999999873323533,0.0,0.8302594766774297,0.0,0.0,5,25,18,-7
smoke_interior_label,lstm,CARLA,2,0,6.315931935097371,1.6554090411382056,0.8333333333333334,0.0,0.8333333333333334,0.8959402894896373,25,0,1.0,0.9999999932275673,0.0,0.8622337150193454,0.0,0.0,5,25,18,-7
smoke_interior_label,lstm,CARLA,3,1,7.601144178223322,2.261166107415737,0.8333333333333334,0.0,0.8333333333333334,0.9078031668290746,25,0,1.0,0.9999999962053017,0.0,0.8371833933893664,1.0,0.0,5,25,18,-7
smoke_interior_label,lstm,CARLA,4,0,8.931699052905019,2.604935889428972,0.8333333333333334,0.0,0.8333333333333334,1.1680284529260534,25,0,1.0,0.9999999865489707,0.0,0.8255437145356094,0.0,0.0,5,25,18,-7
smoke_interior_label,lstm,CARLA,5,0,6.442422914411997,2.2555930454802935,0.8333333333333334,0.0,0.8333333333333334,1.1245561740291887,25,0,1.0,0.9999999876139363,0.0,0.7678049880816349,0.0,0.0,5,25,18,-7
smoke_interior_label,lstm,CARLA,6,0,2.1961741864786686,0.7281162277790442,0.8333333333333334,0.0,0.8333333333333334,1.2878212573515564,25,0,1.0,0.9999999800574534,0.0,0.9281555511173355,0.0,0.0,5,25,18,-7
smoke_interior_label,lstm,CARLA,7,0,7.224692284744037,1.8880769419110481,0.8333333333333334,0.0,0.8333333333333334,1.408345193522856,25,0,1.0,0.9999999956725476,0.0,0.7817951238139171,0.0,0.0,5,25,18,-7
smoke_interior_label,lstm,CARLA,8,0,4.181293046935083,1.1925577100984444,0.8333333333333334,0.0,0.8333333333333334,0.915570578423145,25,0,1.0,0.9999999724461209,0.0,0.9065868177292792,0.0,0.0,5,25,18,-7
smoke_interior_label,lstm,CARLA,9,0,6.604528605469226,2.025522514912076,0.8333333333333334,0.0,0.8333333333333334,1.073324894383578,25,0,1.0,0.9999999886813519,0.0,0.7909783414731418,0.0,0.0,5,25,18,-7
smoke_interior_label,lstm,CARLA,10,0,3.797176616614512,1.062478967554432,0.8333333333333334,0.0,0.8333333333333334,1.1787563148317288,25,0,1.0,0.9999999912619532,0.0,0.8976886404902933,0.0,0.0,5,25,18,-7
smoke_interior_label,lstm,CARLA,11,0,5.117331554959629,1.3599623450328804,0.8333333333333334,0.0,0.8333333333333334,1.425767461982966,25,0,1.0,0.9999999822751668,0.0,0.8519467550700028,0.0,0.0,5,25,18,-7
smoke_interior_label,lstm,CARLA,12,0,5.758138147448197,1.4832241126550363,0.8333333333333334,0.0,0.8333333333333334,1.4684255396440344,25,0,1.0,0.9999999781633202,0.0,0.8330972975505998,0.0,0.0,5,25,18,-7
smoke_interior_label,lstm,CARLA,13,0,6.5044485970075945,1.8665958636900704,0.8333333333333334,0.0,0.8333333333333334,1.0298472652913404,25,0,1.0,0.9999999883605614,0.0,0.9186122355233598,0.0,0.0,5,25,18,-7
smoke_interior_label,lstm,CARLA,14,0,6.836246665147862,2.161105796839656,0.84,0.0,0.8333333333333334,1.096119640765421,25,0,1.0,0.999999977837027,0.0,0.9103664970348498,0.0,0.0,5,25,18,-7
smoke_interior_label,lstm,CARLA,15,0,7.40599099879914,1.8332224367918222,0.8333333333333334,0.0,0.8333333333333334,1.3914800150095836,25,0,1.0,0.9999999951766879,0.0,0.8100774562903161,0.0,0.0,5,25,18,-7
smoke_interior_label,lstm,CARLA,16,1,4.172701391736873,1.140341223074973,0.84,0.0,0.8333333333333334,1.172166150268703,25,0,1.0,0.9999999915792398,0.0,0.911893627833185,1.0,0.0,5,25,18,-7
smoke_interior_label,lstm,CARLA,17,1,5.1023209979205175,1.6066256064150555,0.8333333333333334,0.0,0.8333333333333334,0.9902888606105231,25,0,1.0,0.9999999824588035,0.0,0.862890097687593,1.0,0.0,5,25,18,-7
smoke_interior_label,lstm,CARLA,18,1,6.821696267280786,1.8642508695409252,0.8333333333333334,0.0,0.8333333333333334,0.6081553240682983,25,0,1.0,0.9999999929435827,0.0,0.86021666736347,1.0,0.0,5,25,18,-7
smoke_interior_label,lstm,CARLA,19,0,5.627918682889488,1.4820503912189515,0.8333333333333334,0.0,0.8333333333333334,0.8039713013349181,25,0,1.0,0.9999999662453601,0.0,0.8588255004883671,0.0,0.0,5,25,18,-7
smoke_interior_label,lstm,PearlCARLA,0,1,10.986278089161141,3.5715883571010516,0.86,0.0,0.8333333333333334,1.0727070008873962,25,0,0.0,0.8959376279725573,1.0,0.9999999607587677,0.0,1.0,5,25,18,-7
smoke_interior_label,lstm,PearlCARLA,1,1,13.332724152758383,4.458029882021714,0.86,0.0,0.8333333333333334,1.1199235267052619,25,0,0.0,0.830259484429884,1.0,0.9999999735869937,0.0,1.0,5,25,18,-7
smoke_interior_label,lstm,PearlCARLA,2,0,13.457478467296236,4.104988350270419,0.86,0.0,0.8333333333333334,0.9572665967727368,25,0,0.0,0.8622337410576613,1.0,0.9999999661528343,0.0,0.0,5,25,18,-7
smoke_interior_label,lstm,PearlCARLA,3,1,11.511471590378713,3.9143776653093747,0.8666666666666667,0.0,0.8333333333333334,1.1449658286721098,25,0,0.0,0.8371833881877297,1.0,0.9999999841170397,0.0,1.0,5,25,18,-7
smoke_interior_label,lstm,PearlCARLA,4,0,15.77969965924074,5.135161709615002,0.86,0.0,0.8333333333333334,1.072986937059148,25,0,0.0,0.8255436491032464,1.0,0.9999999065743019,0.0,0.0,5,25,18,-7
smoke_interior_label,lstm,PearlCARLA,5,0,10.955226117299773,3.5540588888781413,0.86,0.0,0.8333333333333334,1.1692638646323334,25,0,0.0,0.7678050235657158,1.0,0.9999999346388172,0.0,0.0,5,25,18,-7
smoke_interior_label,lstm,PearlCARLA,6,0,4.442777408554046,1.447695228862901,0.86,0.0,0.8333333333333334,1.217312798670011,25,0,0.0,0.9281555656859563,1.0,0.9999999529290236,0.0,0.0,5,25,18,-7
smoke_interior_label,lstm,PearlCARLA,7,0,10.499172081079502,3.0661942835164324,0.86,0.0,0.8333333333333334,1.5757724512798592,25,0,0.0,0.781795125083521,1.0,0.9999999889937267,0.0,0.0,5,25,18,-7
smoke_interior_label,lstm,PearlCARLA,8,0,11.67325977853447,3.8166473087244888,0.86,0.0,0.8333333333333334,1.0870762161793992,25,0,0.0,0.906586876721951,1.0,0.9999999478927448,0.0,0.0,5,25,18,-7
smoke_interior_label,lstm,PearlCARLA,9,1,11.363727819964735,3.8253825671762565,0.86,0.0,0.8333333333333334,1.173935114814433,25,0,0.0,0.7909783435519172,1.0,0.9999999786024085,0.0,1.0,5,25,18,-7
smoke_interior_label,lstm,PearlCARLA,10,0,13.525805396947458,4.253830404429901,0.86,0.0,0.8333333333333334,1.5141179585181614,25,0,0.0,0.8976886557393969,1.0,0.9999999709313824,0.0,0.0,5,25,18,-7
smoke_interior_label,lstm,PearlCARLA,11,0,13.334057114529086,4.403399484428392,0.86,0.0,0.8333333333333334,1.1461283105283415,25,0,0.0,0.851946800229793,1.0,0.9999999295051392,0.0,0.0,5,25,18,-7
smoke_interior_label,lstm,PearlCARLA,12,0,16.704255487925774,5.4163186107738825,0.86,0.0,0.8333333333333334,1.3709288794113181,25,0,0.0,0.8330973298925786,1.0,0.9999999685107306,0.0,0.0,5,25,18,-7
smoke_interior_label,lstm,PearlCARLA,13,0,20.70460082509319,6.8317240627489255,0.86,0.0,0.8333333333333334,1.2588382446139235,25,0,0.0,0.9186122212391519,1.0,0.9999999786555478,0.0,0.0,5,25,18,-7
smoke_interior_label,lstm,PearlCARLA,14,0,22.20791840315896,7.05405937718827,0.86,0.0,0.8333333333333334,1.023800426289076,25,0,0.0,0.9103665235910823,1.0,0.9999999593347475,0.0,0.0,5,25,18,-7
smoke_interior_label,lstm,PearlCARLA,15,0,13.515464175528727,4.528517421916402,0.8733333333333333,0.0,0.8333333333333334,1.1722398498700526,25,0,0.0,0.8100774574890114,1.0,0.9999999762852552,0.0,0.0,5,25,18,-7
smoke_interior_label,lstm,PearlCARLA,16,1,8.678380338866873,2.9724925823859474,0.86,0.0,0.8333333333333334,1.1632777111164405,25,0,0.0,0.9118936313561987,1.0,0.9999999893162561,0.0,1.0,5,25,18,-7
smoke_interior_label,lstm,PearlCARLA,17,1,10.590447643608433,3.5849229604541852,0.86,0.0,0.8333333333333334,1.159375376085043,25,0,0.0,0.8628900946775716,1.0,0.9999999719917999,0.0,1.0,5,25,18,-7
smoke_interior_label,lstm,PearlCARLA,18,1,12.728630265532816,4.17669202292333,0.86,0.0,0.8333333333333334,1.0829975457802539,25,0,0.0,0.8602166565010992,1.0,0.9999999862335438,0.0,1.0,5,25,18,-7
smoke_interior_label,lstm,PearlCARLA,19,0,10.812455058247778,3.622244522836727,0.86,0.0,0.8333333333333334,1.1788181264788518,25,0,0.0,0.8588255169191796,1.0,0.9999999821474689,0.0,0.0,5,25,18,-7
smoke_interior_label,lstm,CARLA,0,1,30.040692341907256,5.289561646754372,0.6,0.0,0.6,0.7628171664507664,18,0,1.0,0.9999999783408143,0.0,0.7909012506988451,1.0,0.0,12,18,18,0
smoke_interior_label,lstm,CARLA,1,1,19.603554977759007,3.6684407485916344,0.6,0.0,0.6,1.2203173346658784,18,0,1.0,0.9999999872739076,0.0,0.8324497141921291,1.0,0.0,12,18,18,0
smoke_interior_label,lstm,CARLA,2,1,14.29564622359672,2.3879975676859964,0.6,0.0,0.6,1.4250971764524383,18,0,1.0,0.9999999896278914,0.0,0.8064685465161757,1.0,0.0,12,18,18,0
smoke_interior_label,lstm,CARLA,3,1,23.135505250219435,3.9972244605208984,0.6,0.0,0.6,1.497939523623175,18,0,1.0,0.9999999905064493,0.0,0.7468143143344347,1.0,0.0,12,18,18,0
smoke_interior_label,lstm,CARLA,4,1,33.927793711478245,5.910027051323057,0.6,0.0,0.6,0.5511232830830569,18,0,1.0,0.9999999734283941,0.0,0.7886021871917166,1.0,0.0,12,18,18,0
smoke_interior_label,lstm,CARLA,5,1,50.998022712789535,8.81267403032477,0.6,0.0,0.6,0.6311004123262033,18,0,1.0,0.9999999907182596,0.0,0.7118608840118188,1.0,0.0,12,18,18,0
smoke_interior_label,lstm,CARLA,6,0,50.03277812544141,8.636100979408994,0.6,0.0,0.6,0.579988977329248,18,0,1.0,0.9999999909801384,0.0,0.7747668189835266,0.0,0.0,12,18,18,0
smoke_interior_label,lstm,CARLA,7,1,32.339447531383506,5.533335399809597,0.6,0.0,0.6,0.7830799153582023,18,0,1.0,0.9999999860486395,0.0,0.8024984839624213,1.0,0.0,12,18,18,0
smoke_interior_label,lstm,CARLA,8,1,36.542837743226045,6.1295305394916975,0.6,0.0,0.6,0.5277109608673464,18,0,1.0,0.9999999760145336,0.0,0.6920556635594235,1.0,0.0,12,18,18,0
smoke_interior_label,lstm,CARLA,9,1,22.277329011143365,4.284625983501449,0.6,0.0,0.6,1.274605174773336,18,0,1.0,0.9999999903879636,0.0,0.8067681755779536,1.0,0.0,12,18,18,0
smoke_interior_label,lstm,CARLA,10,1,27.20399522262687,5.915101258469548,0.6,0.0,0.6,1.190515747747504,18,0,1.0,0.9999999793090447,0.0,0.7961016586640559,1.0,0.0,12,18,18,0
smoke_interior_label,lstm,CARLA,11,1,32.01344722893163,5.623619338148575,0.6,0.0,0.6,0.5696314872316733,18,0,1.0,0.9999999865096719,0.0,0.8186724401918289,1.0,0.0,12,18,18,0
smoke_interior_label,lstm,CARLA,12,1,25.97774032250669,4.830731847087386,0.6066666666666667,0.0,0.6,1.0086783237321884,18,0,1.0,0.9999999856693552,0.0,0.7935680508321632,1.0,0.0,12,18,18,0
smoke_interior_label,lstm,CARLA,13,1,22.59554231201739,4.546568997849875,0.6,0.0,0.6,0.9346014578052606,18,0,1.0,0.9999999910896242,0.0,0.8532232994498674,1.0,0.0,12,18,18,0
smoke_interior_label,lstm,CARLA,14,1,39.39520313984685,7.557082683636167,0.6,0.0,0.6,0.8531984335192875,18,0,1.0,0.9999999958433627,0.0,0.810453592767457,1.0,0.0,12,18,18,0
smoke_interior_label,lstm,CARLA,15,1,23.1085406224105,4.511973767834587,0.6,0.0,0.6,1.097433720483599,18,0,1.0,0.9999999921938848,0.0,0.7150904494077227,1.0,0.0,12,18,18,0
smoke_interior_label,lstm,CARLA,16,1,19.01282488476174,3.540278948971961,0.6,0.0,0.6,1.2145430337410952,18,0,1.0,0.9999999773021594,0.0,0.8445041722753336,1.0,0.0,12,18,18,0
smoke_interior_label,lstm,CARLA,17,1,15.598427811442706,2.9522832926804106,0.6,0.0,0.6,1.1150317465581712,18,0,1.0,0.9999999829260041,0.0,0.8366303080377776,1.0,0.0,12,18,18,0
smoke_interior_label,lstm,CARLA,18,1,18.4230814193283,3.321430522376326,0.6066666666666667,0.0,0.6,1.0178075249944392,18,0,1.0,0.9999999885388791,0.0,0.7705689262500033,1.0,0.0,12,18,18,0
smoke_interior_label,lstm,CARLA,19,1,25.62204377612015,4.848969331142285,0.6,0.0,0.6,0.8479703493270724,18,0,1.0,0.9999999777553324,0.0,0.7913888108528417,1.0,0.0,12,18,18,0
smoke_interior_label,lstm,PearlCARLA,0,1,32.936352982975954,6.3812611244307815,0.6733333333333333,0.0,0.6,0.7791395879928024,18,0,0.0,0.7909012405388798,1.0,0.9999999605540508,0.0,1.0,12,18,18,0
smoke_interior_label,lstm,PearlCARLA,1,1,25.011408145150984,4.59119539589471,0.6733333333333333,0.0,0.6,0.6311879874125945,18,0,0.0,0.8324497150055575,1.0,0.9999999733342152,0.0,1.0,12,18,18,0
smoke_interior_label,lstm,PearlCARLA,2,1,11.605065017966375,2.323337979323718,0.6733333333333333,0.0,0.6,0.8019861951368304,18,0,0.0,0.8064685445071939,1.0,0.9999999766328441,0.0,1.0,12,18,18,0
smoke_interior_label,lstm,PearlCARLA,3,1,21.95170539559493,4.000299919305359,0.6733333333333333,0.0,0.6,0.60731396994308,18,0,0.0,0.7468143321183028,1.0,0.9999999709705204,0.0,1.0,12,18,18,0
smoke_interior_label,lstm,PearlCARLA,4,1,37.653185778431045,7.2888969584642895,0.6733333333333333,0.0,0.6,0.7788209707427417,18,0,0.0,0.7886021628268903,1.0,0.9999999340538374,0.0,1.0,12,18,18,0
smoke_interior_label,lstm,PearlCARLA,5,1,46.313760779737336,8.618705418943984,0.6733333333333333,0.0,0.6,0.6744813945056268,18,0,0.0,0.7118608795963305,1.0,0.9999999634776939,0.0,1.0,12,18,18,0
smoke_interior_label,lstm,PearlCARLA,6,1,52.64857854415026,9.577829936314373,0.6733333333333333,0.0,0.6,0.6033149299777025,18,0,0.0,0.7747668308157399,1.0,0.9999999770362905,0.0,1.0,12,18,18,0
smoke_interior_label,lstm,PearlCARLA,7,1,39.76572397255299,7.147234088191343,0.6733333333333333,0.0,0.6,0.5548119017114128,18,0,0.0,0.8024984815023912,1.0,0.999999964633594,0.0,1.0,12,18,18,0
smoke_interior_label,lstm,PearlCARLA,8,1,34.788248552595576,6.720580546341682,0.6733333333333333,0.0,0.6,0.7722242976158818,18,0,0.0,0.6920556715810033,1.0,0.9999999634027574,0.0,1.0,12,18,18,0
smoke_interior_label,lstm,PearlCARLA,9,1,25.08336781926291,4.7229805668644875,0.6733333333333333,0.0,0.6,0.7042643377009493,18,0,0.0,0.8067681889344372,1.0,0.9999999731931264,0.0,1.0,12,18,18,0
smoke_interior_label,lstm,PearlCARLA,10,1,41.78600206286722,7.4862395178133365,0.6733333333333333,0.0,0.6,0.5428784825932428,18,0,0.0,0.7961016437570513,1.0,0.9999999658645098,0.0,1.0,12,18,18,0
smoke_interior_label,lstm,PearlCARLA,11,1,31.818228015675782,6.106631104895065,0.6733333333333333,0.0,0.6,0.7571165381060457,18,0,0.0,0.8186724687339155,1.0,0.9999999565219261,0.0,1.0,12,18,18,0
smoke_interior_label,lstm,PearlCARLA,12,1,32.72141440211698,5.885934399990089,0.6733333333333333,0.0,0.6,0.5550120449838234,18,0,0.0,0.7935680702233113,1.0,0.9999999631160699,0.0,1.0,12,18,18,0
smoke_interior_label,lstm,PearlCARLA,13,1,32.51630135858132,5.931888236866783,0.6733333333333333,0.0,0.6,0.6088548394234976,18,0,0.0,0.8532233225843147,1.0,0.999999972739053,0.0,1.0,12,18,18,0
smoke_interior_label,lstm,PearlCARLA,14,1,46.69626208570988,9.030516988890346,0.6733333333333333,0.0,0.6,0.7774809860184785,18,0,0.0,0.8104535861662212,1.0,0.9999999712773605,0.0,1.0,12,18,18,0
smoke_interior_label,lstm,PearlCARLA,15,1,28.133075670222212,5.270382565481964,0.6733333333333333,0.0,0.6,0.6884576993777919,18,0,0.0,0.7150904586205455,1.0,0.9999999746594433,0.0,1.0,12,18,18,0
smoke_interior_label,lstm,PearlCARLA,16,1,20.464344124514447,3.69373427651391,0.6733333333333333,0.0,0.6,0.572925484220745,18,0,0.0,0.8445041688434246,1.0,0.9999999699803123,0.0,1.0,12,18,18,0
smoke_interior_label,lstm,PearlCARLA,17,1,22.6425623932103,4.2225375191328585,0.6733333333333333,0.0,0.6,0.6780775295686248,18,0,0.0,0.8366303242565012,1.0,0.9999999734732078,0.0,1.0,12,18,18,0
smoke_interior_label,lstm,PearlCARLA,18,1,20.376872501753365,3.648314784461066,0.6733333333333333,0.0,0.6,0.5354538047731313,18,0,0.0,0.7705689204649522,1.0,0.9999999656442004,0.0,1.0,12,18,18,0
smoke_interior_label,lstm,PearlCARLA,19,1,27.025800617650805,5.1676390197452475,0.6733333333333333,0.0,0.6,0.7472671922965223,18,0,0.0,0.7913888137626474,1.0,0.9999999665786422,0.0,1.0,12,18,18,0
smoke_interior_label,lstm,CARLA,0,1,36.60309190050429,5.887027161459627,0.5,0.0,0.5,0.7140248149032917,15,0,1.0,0.9999999840839366,0.0,0.6794959853289988,1.0,0.0,15,15,18,3
smoke_interior_label,lstm,CARLA,1,1,22.49562005523235,4.265795697132191,0.5066666666666667,0.0,0.5,1.2041207319741831,15,0,1.0,0.9999999923403079,0.0,0.8098087058401198,1.0,0.0,15,15,18,3
smoke_interior_label,lstm,CARLA,2,1,21.157977541534077,3.5118745906970097,0.5,0.0,0.5,1.2911130546551206,15,0,1.0,0.9999999850572188,0.0,0.7728421130337283,1.0,0.0,15,15,18,3
smoke_interior_label,lstm,CARLA,3,1,25.725051633452374,4.095734801964004,0.5,0.0,0.5,1.3335084401617143,15,0,1.0,0.9999999920523469,0.0,0.7827982853248362,1.0,0.0,15,15,18,3
smoke_interior_label,lstm,CARLA,4,1,38.245148570005156,6.0495263890657505,0.5,0.0,0.5,0.6047573593058905,15,0,1.0,0.9999999914133936,0.0,0.7162888842557846,1.0,0.0,15,15,18,3
smoke_interior_label,lstm,CARLA,5,1,55.43497212316764,8.774798725105795,0.5,0.0,0.5,0.628060601564155,15,0,1.0,0.9999999950796028,0.0,0.6254531534357775,1.0,0.0,15,15,18,3
smoke_interior_label,lstm,CARLA,6,1,52.17178019185196,8.055021671610172,0.5,0.0,0.5,0.546269738591176,15,0,1.0,0.9999999891943111,0.0,0.7571756681236568,1.0,0.0,15,15,18,3
smoke_interior_label,lstm,CARLA,7,1,36.35494901358935,6.262741199275139,0.5,0.0,0.5,1.128196763600507,15,0,1.0,0.9999999878443147,0.0,0.7987364623594118,1.0,0.0,15,15,18,3
smoke_interior_label,lstm,CARLA,8,1,38.144101713310235,6.165610806444615,0.5066666666666667,0.0,0.5,0.7974256945953899,15,0,1.0,0.9999999931163656,0.0,0.7033619134181689,1.0,0.0,15,15,18,3
smoke_interior_label,lstm,CARLA,9,1,26.15355853423754,4.497979676655818,0.5,0.0,0.5,1.2801902625426282,15,0,1.0,0.999999991300656,0.0,0.7877758293571672,1.0,0.0,15,15,18,3
smoke_interior_label,lstm,CARLA,10,1,32.116633706932376,5.905912784535588,0.5,0.0,0.5,0.9570368998347109,15,0,1.0,0.9999999817914116,0.0,0.8198953897820498,1.0,0.0,15,15,18,3
smoke_interior_label,lstm,CARLA,11,1,35.88366545964945,5.699104984963145,0.5066666666666667,0.0,0.5,0.5877736139009339,15,0,1.0,0.9999999841989549,0.0,0.7615926082862723,1.0,0.0,15,15,18,3
smoke_interior_label,lstm,CARLA,12,1,30.18005928391151,5.037966712508066,0.5066666666666667,0.0,0.5,0.8434927046994011,15,0,1.0,0.9999999954461,0.0,0.8036689992215118,1.0,0.0,15,15,18,3
smoke_interior_label,lstm,CARLA,13,1,24.542697950069897,4.444701034737436,0.5,0.0,0.5,0.9634033505793779,15,0,1.0,0.9999999922738448,0.0,0.8647682368025148,1.0,0.0,15,15,18,3
smoke_interior_label,lstm,CARLA,14,1,46.63687710672652,7.934676506864996,0.5,0.0,0.5,0.7407839646100777,15,0,1.0,0.9999999934218202,0.0,0.629334198423881,1.0,0.0,15,15,18,3
smoke_interior_label,lstm,CARLA,15,1,29.050725299188226,5.318162456995733,0.5,0.0,0.5,1.1663840082069568,15,0,1.0,0.9999999894009358,0.0,0.7277136132931407,1.0,0.0,15,15,18,3
smoke_interior_label,lstm,CARLA,16,1,22.297778588578044,3.7278211080705397,0.5,0.0,0.5,1.1817998307885078,15,0,1.0,0.9999999796535898,0.0,0.8315909991254942,1.0,0.0,15,15,18,3
smoke_interior_label,lstm,CARLA,17,1,20.965965548891088,3.4216849878197073,0.5066666666666667,0.0,0.5,0.9280906653124138,15,0,1.0,0.9999999808260475,0.0,0.8332106345285905,1.0,0.0,15,15,18,3
smoke_interior_label,lstm,CARLA,18,1,26.014102429865634,4.595902993082715,0.5066666666666667,0.0,0.5,1.3862211211217703,15,0,1.0,0.9999999797214664,0.0,0.702545908725791,1.0,0.0,15,15,18,3
smoke_interior_label,lstm,CARLA,19,1,28.399778412755097,4.688619626118042,0.5,0.0,0.5,0.8450471777881116,15,0,1.0,0.9999999862526682,0.0,0.8178867750312044,1.0,0.0,15,15,18,3
smoke_interior_label,lstm,PearlCARLA,0,1,33.8448448821955,6.047710526409145,0.5933333333333334,0.0,0.5,0.7660572363655525,15,0,0.0,0.6794959779026912,1.0,0.9999999746651755,0.0,1.0,15,15,18,3
smoke_interior_label,lstm,PearlCARLA,1,1,25.362507161303586,4.505324419639919,0.5933333333333334,0.0,0.5,0.7526698422539183,15,0,0.0,0.8098087085267396,1.0,0.9999999755559323,0.0,1.0,15,15,18,3
smoke_interior_label,lstm,PearlCARLA,2,1,25.047719914599437,4.111815723505428,0.5933333333333334,0.0,0.5,0.5055018311485406,15,0,0.0,0.7728421273264714,1.0,0.9999999741009938,0.0,1.0,15,15,18,3
smoke_interior_label,lstm,PearlCARLA,3,1,23.73901956065297,4.199187058044803,0.5933333333333334,0.0,0.5,0.7436635224454493,15,0,0.0,0.7827982957558282,1.0,0.9999999682856792,0.0,1.0,15,15,18,3
smoke_interior_label,lstm,PearlCARLA,4,1,39.53309708696253,7.057201455132565,0.5933333333333334,0.0,0.5,0.7637579709644134,15,0,0.0,0.716288898926627,1.0,0.9999999638846302,0.0,1.0,15,15,18,3
smoke_interior_label,lstm,PearlCARLA,5,1,47.656108239281295,8.480012550882202,0.5933333333333334,0.0,0.5,0.7554668531369887,15,0,0.0,0.625453158852394,1.0,0.9999999743404197,0.0,1.0,15,15,18,3
smoke_interior_label,lstm,PearlCARLA,6,1,52.585219386113884,9.303218619207106,0.5933333333333334,0.0,0.5,0.7420736269259257,15,0,0.0,0.7571756705570066,1.0,0.9999999784634369,0.0,1.0,15,15,18,3
smoke_interior_label,lstm,PearlCARLA,7,1,41.219370281878376,7.261889587378767,0.5933333333333334,0.0,0.5,0.7330404338924963,15,0,0.0,0.7987364666800261,1.0,0.9999999762917705,0.0,1.0,15,15,18,3
smoke_interior_label,lstm,PearlCARLA,8,1,36.07315981855878,6.4446077552647925,0.5933333333333334,0.0,0.5,0.7656345307594635,15,0,0.0,0.7033619123197019,1.0,0.9999999700655613,0.0,1.0,15,15,18,3
smoke_interior_label,lstm,PearlCARLA,9,1,26.03341053231236,4.6538798935665,0.5933333333333334,0.0,0.5,0.7665494170356657,15,0,0.0,0.7877758410560303,1.0,0.9999999706626312,0.0,1.0,15,15,18,3
smoke_interior_label,lstm,PearlCARLA,10,1,44.10678974916076,7.730591717921801,0.5933333333333334,0.0,0.5,0.7190132924526657,15,0,0.0,0.8198953836880354,1.0,0.9999999717613253,0.0,1.0,15,15,18,3
smoke_interior_label,lstm,PearlCARLA,11,1,34.566946760160704,6.193938352667301,0.5933333333333334,0.0,0.5,0.7725489952722807,15,0,0.0,0.7615925921773513,1.0,0.9999999620869832,0.0,1.0,15,15,18,3
smoke_interior_label,lstm,PearlCARLA,12,1,34.67002888554938,6.1009475904697865,0.5933333333333334,0.0,0.5,0.7281426979030879,15,0,0.0,0.803669018721803,1.0,0.9999999666461243,0.0,1.0,15,15,18,3
smoke_interior_label,lstm,PearlCARLA,13,1,34.366294833948785,6.0906655309104965,0.5933333333333334,0.0,0.5,0.7456069626047513,15,0,0.0,0.8647682539327283,1.0,0.9999999727180243,0.0,1.0,15,15,18,3
smoke_interior_label,lstm,PearlCARLA,14,1,49.615743359647155,8.866121529629714,0.5933333333333334,0.0,0.5,0.7659867090284888,15,0,0.0,0.6293342036497915,1.0,0.9999999693136841,0.0,1.0,15,15,18,3
smoke_interior_label,lstm,PearlCARLA,15,1,30.523359418671145,5.4376261584566254,0.5933333333333334,0.0,0.5,0.7576714655344393,15,0,0.0,0.7277136294081705,1.0,0.9999999591711959,0.0,1.0,15,15,18,3
smoke_interior_label,lstm,PearlCARLA,16,1,24.898951044859306,4.346559891602806,0.5933333333333334,0.0,0.5,0.7101586685900577,15,0,0.0,0.8315909996708079,1.0,0.9999999710709823,0.0,1.0,15,15,18,3
smoke_interior_label,lstm,PearlCARLA,17,1,24.052661061649186,4.274992640763203,0.5933333333333334,0.0,0.5,0.7525771708903938,15,0,0.0,0.8332106333555617,1.0,0.9999999571414397,0.0,1.0,15,15,18,3
smoke_interior_label,lstm,PearlCARLA,18,1,21.991956445963897,3.8634577222319315,0.5933333333333334,0.0,0.5,0.726185384361265,15,0,0.0,0.7025459102023803,1.0,0.9999999673429705,0.0,1.0,15,15,18,3
smoke_interior_label,lstm,PearlCARLA,19,1,29.107136189011275,5.209109917925383,0.5933333333333334,0.0,0.5,0.7692092695960195,15,0,0.0,0.8178867749916353,1.0,0.9999999667323752,0.0,1.0,15,15,18,3
smoke_interior_label,lstm,CARLA,0,1,37.99830043324938,5.4129818045144384,0.34,0.0,0.3333333333333333,0.8142921015601673,10,0,1.0,0.9999999880235253,0.0,0.7129186585686117,1.0,0.0,20,10,18,8
smoke_interior_label,lstm,CARLA,1,1,29.538380709693648,4.642014172496111,0.3333333333333333,0.0,0.3333333333333333,1.066432803522372,10,0,1.0,0.9999999816248614,0.0,0.8203729295738255,1.0,0.0,20,10,18,8
smoke_interior_label,lstm,CARLA,2,1,40.71858236585189,5.777941948927021,0.3333333333333333,0.0,0.3333333333333333,1.4093084455963627,10,0,1.0,0.999999985410038,0.0,0.7276380546601379,1.0,0.0,20,10,18,8
smoke_interior_label,lstm,CARLA,3,1,39.89275418883274,6.440873798722136,0.3333333333333333,0.0,0.3333333333333333,1.4098677954290224,10,0,1.0,0.9999999923403814,0.0,0.7378698991124617,1.0,0.0,20,10,18,8
smoke_interior_label,lstm,CARLA,4,1,41.56526854137218,6.001516305150562,0.34,0.0,0.3333333333333333,0.8258753762792984,10,0,1.0,0.9999999916611406,0.0,0.7342593916481934,1.0,0.0,20,10,18,8
smoke_interior_label,lstm,CARLA,5,1,58.61612126563159,8.144241518420872,0.34,0.0,0.3333333333333333,0.551608093498364,10,0,1.0,0.9999999804897957,0.0,0.6516829655561046,1.0,0.0,20,10,18,8
smoke_interior_label,lstm,CARLA,6,1,58.80828861811573,7.632444090563892,0.3333333333333333,0.0,0.3333333333333333,0.4220649645530306,10,0,1.0,0.9999999962464018,0.0,0.6856325769564656,1.0,0.0,20,10,18,8
smoke_interior_label,lstm,CARLA,7,1,48.20462150787219,6.9379986911421385,0.34,0.0,0.3333333333333333,0.8129472820139672,10,0,1.0,0.9999999906320806,0.0,0.7305467863630404,1.0,0.0,20,10,18,8
smoke_interior_label,lstm,CARLA,8,1,44.03567974241094,6.472930513998868,0.34,0.0,0.3333333333333333,0.9055816343246674,10,0,1.0,0.9999999846220197,0.0,0.7118099513588533,1.0,0.0,20,10,18,8
smoke_interior_label,lstm,CARLA,9,1,32.69697267417795,4.832896370904448,0.3333333333333333,0.0,0.3333333333333333,1.2045383494700375,10,0,1.0,0.9999999856248356,0.0,0.8126613027601551,1.0,0.0,20,10,18,8
smoke_interior_label,lstm,CARLA,10,1,46.64392842190894,6.743988403022476,0.3333333333333333,0.0,0.3333333333333333,0.821415281221795,10,0,1.0,0.9999999926008476,0.0,0.762552049333206,1.0,0.0,20,10,18,8
smoke_interior_label,lstm,CARLA,11,1,41.57868722534538,5.8183791536144325,0.3466666666666667,0.0,0.3333333333333333,0.6852513409643364,10,0,1.0,0.9999999843106413,0.0,0.7520717791771989,1.0,0.0,20,10,18,8
smoke_interior_label,lstm,CARLA,12,1,36.78846399423138,5.801220186667563,0.34,0.0,0.3333333333333333,1.12609699095147,10,0,1.0,0.9999999923726165,0.0,0.7863359373929941,1.0,0.0,20,10,18,8
smoke_interior_label,lstm,CARLA,13,1,32.64256087324324,4.970319768844064,0.3333333333333333,0.0,0.3333333333333333,0.9615090611376711,10,0,1.0,0.9999999943691041,0.0,0.7905740924299008,1.0,0.0,20,10,18,8
smoke_interior_label,lstm,CARLA,14,1,52.36870326404717,7.833058829381807,0.3333333333333333,0.0,0.3333333333333333,0.8238275416867286,10,0,1.0,0.9999999877520234,0.0,0.680592127985701,1.0,0.0,20,10,18,8
smoke_interior_label,lstm,CARLA,15,1,34.66956624792043,5.599863081558582,0.3333333333333333,0.0,0.3333333333333333,1.4366524116115642,10,0,1.0,0.9999999894375203,0.0,0.7560701253121154,1.0,0.0,20,10,18,8
smoke_interior_label,lstm,CARLA,16,1,27.769577823128774,4.218766898662039,0.3333333333333333,0.0,0.3333333333333333,1.4068348721085016,10,0,1.0,0.9999999942269594,0.0,0.831349082631547,1.0,0.0,20,10,18,8
smoke_interior_label,lstm,CARLA,17,1,33.51340377693707,5.481627888463783,0.34,0.0,0.3333333333333333,1.5355652069668428,10,0,1.0,0.999999989568153,0.0,0.7617533857901231,1.0,0.0,20,10,18,8
smoke_interior_label,lstm,CARLA,18,1,34.12145419371341,5.195253508641448,0.34,0.0,0.3333333333333333,1.2447827621719927,10,0,1.0,0.9999999862900621,0.0,0.7550888838361248,1.0,0.0,20,10,18,8
smoke_interior_label,lstm,CARLA,19,1,32.848363311832905,4.758696749247269,0.3333333333333333,0.0,0.3333333333333333,0.8456945577735335,10,0,1.0,0.9999999683180424,0.0,0.8258745824605217,1.0,0.0,20,10,18,8
smoke_interior_label,lstm,PearlCARLA,0,1,41.65232309875354,6.807331624818546,0.46,0.0,0.3333333333333333,0.7361897129015273,10,0,0.0,0.7129186714419014,1.0,0.9999999601738773,0.0,1.0,20,10,18,8
smoke_interior_label,lstm,PearlCARLA,1,1,36.774103457654796,6.032379632715987,0.46,0.0,0.3333333333333333,0.7459212316703703,10,0,0.0,0.8203729519893826,1.0,0.9999999717876088,0.0,1.0,20,10,18,8
smoke_interior_label,lstm,PearlCARLA,2,1,29.455781199128666,4.7406600955029194,0.46,0.0,0.3333333333333333,0.702612523258333,10,0,0.0,0.7276380543196989,1.0,0.9999999776859865,0.0,1.0,20,10,18,8
smoke_interior_label,lstm,PearlCARLA,3,1,32.33597020449152,5.338031131666642,0.46,0.0,0.3333333333333333,0.7614583459188815,10,0,0.0,0.7378699180505398,1.0,0.9999999591788248,0.0,1.0,20,10,18,8
smoke_interior_label,lstm,PearlCARLA,4,1,48.552349432329066,7.933264011234619,0.46,0.0,0.3333333333333333,0.7361087211767823,10,0,0.0,0.7342593885890485,1.0,0.9999999439374201,0.0,1.0,20,10,18,8
smoke_interior_label,lstm,PearlCARLA,5,1,62.09158699310696,10.140322208578425,0.46,0.0,0.3333333333333333,0.7334639873452249,10,0,0.0,0.6516829786626099,1.0,0.9999999507101663,0.0,1.0,20,10,18,8
smoke_interior_label,lstm,PearlCARLA,6,1,72.03760006106937,11.7873160731902,0.46,0.0,0.3333333333333333,0.7384582331935592,10,0,0.0,0.6856325828659032,1.0,0.9999999685693393,0.0,1.0,20,10,18,8
smoke_interior_label,lstm,PearlCARLA,7,1,60.218117585849214,9.87580656719037,0.46,0.0,0.3333333333333333,0.7448692775512648,10,0,0.0,0.730546750414791,1.0,0.9999999457564338,0.0,1.0,20,10,18,8
smoke_interior_label,lstm,PearlCARLA,8,1,44.14052314793847,7.217982709472493,0.4666666666666667,0.0,0.3333333333333333,0.7375295022559403,10,0,0.0,0.7118099719747984,1.0,0.9999999626486074,0.0,1.0,20,10,18,8
smoke_interior_label,lstm,PearlCARLA,9,1,37.75795780406008,6.194981554507709,0.46,0.0,0.3333333333333333,0.7460375108675705,10,0,0.0,0.8126613070360369,1.0,0.999999977973711,0.0,1.0,20,10,18,8
smoke_interior_label,lstm,PearlCARLA,10,1,61.649016511433274,10.096012515177469,0.46,0.0,0.3333333333333333,0.7414685758631943,10,0,0.0,0.7625520308535355,1.0,0.9999999715356462,0.0,1.0,20,10,18,8
smoke_interior_label,lstm,PearlCARLA,11,1,45.68290721837817,7.4636392064029815,0.46,0.0,0.3333333333333333,0.7359757160271143,10,0,0.0,0.7520717687638343,1.0,0.9999999660193799,0.0,1.0,20,10,18,8
smoke_interior_label,lstm,PearlCARLA,12,1,49.84537005689374,8.180883374188557,0.46,0.0,0.3333333333333333,0.7465710647409375,10,0,0.0,0.7863359233697188,1.0,0.9999999629108238,0.0,1.0,20,10,18,8
smoke_interior_label,lstm,PearlCARLA,13,1,51.62194678700853,8.469655168146277,0.46,0.0,0.3333333333333333,0.7458231859096704,10,0,0.0,0.7905740964444997,1.0,0.9999999671161218,0.0,1.0,20,10,18,8
smoke_interior_label,lstm,PearlCARLA,14,1,60.870996897543534,9.942243693448903,0.46,0.0,0.3333333333333333,0.7343201262452026,10,0,0.0,0.6805921523759787,1.0,0.9999999430360659,0.0,1.0,20,10,18,8
smoke_interior_label,lstm,PearlCARLA,15,1,44.03990500153762,7.227131190900947,0.46,0.0,0.3333333333333333,0.7462478035943043,10,0,0.0,0.7560701298461653,1.0,0.9999999572656206,0.0,1.0,20,10,18,8
smoke_interior_label,lstm,PearlCARLA,16,1,29.89417286803532,4.921746478278387,0.46,0.0,0.3333333333333333,0.7543787320372799,10,0,0.0,0.8313490917199816,1.0,0.9999999620477797,0.0,1.0,20,10,18,8
smoke_interior_label,lstm,PearlCARLA,17,1,35.01803117422826,5.761631813402032,0.46,0.0,0.3333333333333333,0.7531312042193399,10,0,0.0,0.7617533769109366,1.0,0.9999999723471223,0.0,1.0,20,10,18,8
smoke_interior_label,lstm,PearlCARLA,18,1,28.90680623225977,4.7680833989521805,0.4666666666666667,0.2,0.3333333333333333,0.7591516701830165,10,0,0.0,0.7550888921759297,1.0,0.999999958854996,0.0,1.0,20,10,18,8
smoke_interior_label,lstm,PearlCARLA,19,1,41.6850051446552,6.833862880094221,0.46,0.0,0.3333333333333333,0.7441838822591313,10,0,0.0,0.8258745804627116,1.0,0.9999999672786885,0.0,1.0,20,10,18,8
smoke_interior_label,lstm,CARLA,0,1,39.91479669795834,5.168330428531707,0.16666666666666666,0.0,0.16666666666666666,1.0103547771582477,5,0,1.0,0.9999999952559022,0.0,0.7296295740924408,1.0,0.0,25,5,18,13
smoke_interior_label,lstm,CARLA,1,1,32.957781384340514,4.540867985272444,0.16666666666666666,0.0,0.16666666666666666,1.0567587449819513,5,0,1.0,0.9999999867400979,0.0,0.8082744094976373,1.0,0.0,25,5,18,13
smoke_interior_label,lstm,CARLA,2,1,46.3657917602243,6.1352833141104535,0.16666666666666666,0.0,0.16666666666666666,1.0972988723719999,5,0,1.0,0.9999999885747722,0.0,0.7225678062383204,1.0,0.0,25,5,18,13
smoke_interior_label,lstm,CARLA,3,1,38.49952685150153,5.721781552362669,0.16666666666666666,0.0,0.16666666666666666,1.5025026719439365,5,0,1.0,0.9999999977538041,0.0,0.7472419969858911,1.0,0.0,25,5,18,13
smoke_interior_label,lstm,CARLA,4,1,42.97903894645178,5.469993225616567,0.16666666666666666,0.0,0.16666666666666666,1.2129707237178526,5,0,1.0,0.9999999965326327,0.0,0.7151284331670296,1.0,0.0,25,5,18,13
smoke_interior_label,lstm,CARLA,5,1,57.45467611391148,7.619579609507466,0.16666666666666666,0.0,0.16666666666666666,0.7907156465707629,5,0,1.0,0.9999999906863786,0.0,0.6825023578769985,1.0,0.0,25,5,18,13
smoke_interior_label,lstm,CARLA,6,1,60.979859705682614,7.339069704903455,0.17333333333333334,0.0,0.16666666666666666,0.44184984597882626,5,0,1.0,0.9999999953961248,0.0,0.638272455259297,1.0,0.0,25,5,18,13
smoke_interior_label,lstm,CARLA,7,1,44.63481463496977,5.8561914306471765,0.17333333333333334,0.0,0.16666666666666666,1.0188058998059193,5,0,1.0,0.9999999923749405,0.0,0.7483436629631325,1.0,0.0,25,5,18,13
smoke_interior_label,lstm,CARLA,8,1,40.43798913558422,5.749655999077274,0.17333333333333334,0.0,0.16666666666666666,1.2380864709910502,5,0,1.0,0.9999999944195284,0.0,0.7415789560597053,1.0,0.0,25,5,18,13
smoke_interior_label,lstm,CARLA,9,1,28.18391187301005,3.7992505446820966,0.16666666666666666,0.0,0.16666666666666666,1.4659726882321822,5,0,1.0,0.9999999985298696,0.0,0.8069100519270975,1.0,0.0,25,5,18,13
smoke_interior_label,lstm,CARLA,10,1,59.86483608833031,7.933728051970324,0.16666666666666666,0.0,0.16666666666666666,0.903952414809754,5,0,1.0,0.9999999923217557,0.0,0.7063741336831059,1.0,0.0,25,5,18,13
smoke_interior_label,lstm,CARLA,11,1,42.19626046531296,5.28470379079724,0.18,0.0,0.16666666666666666,0.8364435318926018,5,0,1.0,0.9999999874518872,0.0,0.7834806777968234,1.0,0.0,25,5,18,13
smoke_interior_label,lstm,CARLA,12,1,37.562809281130725,4.89058419755597,0.17333333333333334,0.0,0.16666666666666666,1.041887133907874,5,0,1.0,0.9999999968880563,0.0,0.7711841001958609,1.0,0.0,25,5,18,13
smoke_interior_label,lstm,CARLA,13,1,44.393094657106275,5.757602052048025,0.16666666666666666,0.0,0.16666666666666666,1.3269557658915572,5,0,1.0,0.9999999934589376,0.0,0.7455005406228331,1.0,0.0,25,5,18,13
smoke_interior_label,lstm,CARLA,14,1,53.27366286635424,7.228760261156276,0.16666666666666666,0.0,0.16666666666666666,1.1252016192341627,5,0,1.0,0.9999999925901837,0.0,0.6489793190091164,1.0,0.0,25,5,18,13
smoke_interior_label,lstm,CARLA,15,1,36.797772560851925,5.392854514303317,0.16666666666666666,0.0,0.16666666666666666,1.3498724109557299,5,0,1.0,0.9999999959700432,0.0,0.7747053915498598,1.0,0.0,25,5,18,13
smoke_interior_label,lstm,CARLA,16,1,31.306073123414254,4.184050924921893,0.16666666666666666,0.0,0.16666666666666666,1.4645296509187622,5,0,1.0,0.9999999979819971,0.0,0.8133743276950338,1.0,0.0,25,5,18,13
smoke_interior_label,lstm,CARLA,17,1,39.30687807506706,5.134141834661333,0.18,0.0,0.16666666666666666,1.2532494171723167,5,0,1.0,0.9999999923100231,0.0,0.7784237591480755,1.0,0.0,25,5,18,13
smoke_interior_label,lstm,CARLA,18,1,33.97481958303686,4.470799081531573,0.17333333333333334,0.0,0.16666666666666666,1.1826319517055262,5,0,1.0,0.9999999953190027,0.0,0.7857961528245455,1.0,0.0,25,5,18,13
smoke_interior_label,lstm,CARLA,19,1,42.83461662002132,5.817174622523444,0.17333333333333334,0.0,0.16666666666666666,1.0726995257513623,5,0,1.0,0.9999999878715113,0.0,0.7596454639126894,1.0,0.0,25,5,18,13
smoke_interior_label,lstm,PearlCARLA,0,1,52.667561103675965,8.168125578373306,0.32666666666666666,0.0,0.16666666666666666,0.715526798354522,5,0,0.0,0.7296295778949228,1.0,0.9999999499947274,0.0,1.0,25,5,18,13
smoke_interior_label,lstm,PearlCARLA,1,1,54.80087110885163,8.483291700753348,0.3333333333333333,0.0,0.16666666666666666,0.711059482918505,5,0,0.0,0.8082744162257472,1.0,0.9999999719010279,0.0,1.0,25,5,18,13
smoke_interior_label,lstm,PearlCARLA,2,1,32.70017066940371,5.04361528833774,0.32666666666666666,0.0,0.16666666666666666,0.702258853387322,5,0,0.0,0.7225678177884373,1.0,0.9999999645020867,0.0,1.0,25,5,18,13
smoke_interior_label,lstm,PearlCARLA,3,1,54.702664034796435,8.494397337578079,0.32666666666666666,0.0,0.16666666666666666,0.718652671433467,5,0,0.0,0.7472420180442539,1.0,0.9999999333786658,0.0,1.0,25,5,18,13
smoke_interior_label,lstm,PearlCARLA,4,1,62.187482038854654,9.628358700028592,0.32666666666666666,0.0,0.16666666666666666,0.7112359101526566,5,0,0.0,0.7151284455558098,1.0,0.9999999608988016,0.0,1.0,25,5,18,13
smoke_interior_label,lstm,PearlCARLA,5,1,84.290153133161,13.074351603343358,0.32666666666666666,0.0,0.16666666666666666,0.7157213804109969,5,0,0.0,0.682502357385687,1.0,0.9999999528087999,0.0,1.0,25,5,18,13
smoke_interior_label,lstm,PearlCARLA,6,1,104.49503308149883,16.161513673462366,0.32666666666666666,0.0,0.16666666666666666,0.7085234090822335,5,0,0.0,0.6382724382915064,1.0,0.9999999478904249,0.0,1.0,25,5,18,13
smoke_interior_label,lstm,PearlCARLA,7,1,91.346548780843,14.123753022564538,0.3333333333333333,0.0,0.16666666666666666,0.7077671238826826,5,0,0.0,0.7483436628226403,1.0,0.999999965666552,0.0,1.0,25,5,18,13
smoke_interior_label,lstm,PearlCARLA,8,1,55.76463972278096,8.640515894516678,0.32666666666666666,0.0,0.16666666666666666,0.7131524766473906,5,0,0.0,0.7415789468735743,1.0,0.9999999352278388,0.0,1.0,25,5,18,13
smoke_interior_label,lstm,PearlCARLA,9,1,57.756589832586215,8.95858661438266,0.32666666666666666,0.0,0.16666666666666666,0.7158765885127764,5,0,0.0,0.8069100637559942,1.0,0.9999999387014679,0.0,1.0,25,5,18,13
smoke_interior_label,lstm,PearlCARLA,10,1,93.4850945034336,14.460148513935625,0.3333333333333333,0.0,0.16666666666666666,0.708760050669756,5,0,0.0,0.7063741387460627,1.0,0.9999999579579345,0.0,1.0,25,5,18,13
smoke_interior_label,lstm,PearlCARLA,11,1,58.47773012821621,9.043416118380588,0.32666666666666666,0.0,0.16666666666666666,0.708557757906812,5,0,0.0,0.7834806783309269,1.0,0.9999999550939666,0.0,1.0,25,5,18,13
smoke_interior_label,lstm,PearlCARLA,12,1,81.31926013366215,12.612097277147685,0.32666666666666666,0.0,0.16666666666666666,0.7155181600482392,5,0,0.0,0.7711840868937763,1.0,0.9999999531995225,0.0,1.0,25,5,18,13
smoke_interior_label,lstm,PearlCARLA,13,1,81.12565092546595,12.588493720522818,0.32666666666666666,0.0,0.16666666666666666,0.7165441139941434,5,0,0.0,0.7455005418589041,1.0,0.9999999744460988,0.0,1.0,25,5,18,13
smoke_interior_label,lstm,PearlCARLA,14,1,75.98133523715025,11.743265042195409,0.32666666666666666,0.0,0.16666666666666666,0.7066211028859046,5,0,0.0,0.648979344922158,1.0,0.9999999406728433,0.0,1.0,25,5,18,13
smoke_interior_label,lstm,PearlCARLA,15,1,70.07858161576038,10.883182165003275,0.32666666666666666,0.0,0.16666666666666666,0.7188781886499302,5,0,0.0,0.7747054066129972,1.0,0.9999999525216727,0.0,1.0,25,5,18,13
smoke_interior_label,lstm,PearlCARLA,16,1,26.43391414133094,4.232274651259877,0.32666666666666666,0.0,0.16666666666666666,0.7982353427726867,5,0,0.0,0.8133743303083792,1.0,0.9999999838971441,0.0,1.0,25,5,18,13
smoke_interior_label,lstm,PearlCARLA,17,1,58.66163571534698,9.116390413755306,0.32666666666666666,0.0,0.16666666666666666,0.720608086601505,5,0,0.0,0.7784237486448546,1.0,0.9999999528561813,0.0,1.0,25,5,18,13
smoke_interior_label,lstm,PearlCARLA,18,1,53.036195386238276,8.23604480354042,0.32666666666666666,0.0,0.16666666666666666,0.7189804691211789,5,0,0.0,0.7857961688930379,1.0,0.9999999520219026,0.0,1.0,25,5,18,13
smoke_interior_label,lstm,PearlCARLA,19,1,58.79409319561249,9.110982630435483,0.32666666666666666,0.0,0.16666666666666666,0.7136459321038756,5,0,0.0,0.7596454591224467,1.0,0.9999999642652431,0.0,1.0,25,5,18,13
