benchmark,classifier,method,instance,validity,no_cf_found,proximity_l1,proximity_l2,sparsity,sparsity_channels,sparsity_timepoints,trsi,scm_noise_plausibility,intervention_t,vacuous,do_complexity,cf_faith_rollout_hard,cf_faith_rollout_soft,cf_faith_pearl_hard,cf_faith_pearl_soft,cf_faith_rollout_hard_valid,cf_faith_pearl_hard_valid,cf_faith_rollout_hard_given_valid,cf_faith_pearl_hard_given_valid
full_nl,oracle,OracleCF-Pearl,0,0,0,4.11498493219554,1.627731987495075,0.94,0.1,0.88,1.4117825921808977,0.985238621249064,50,0,1,0.0,0.8728916301339046,1.0,0.9999999740250535,0.0,0.0,,
full_nl,oracle,OracleCF-Pearl,1,1,0,2.093913841157681,1.5634416847488315,0.993,0.8,0.94,1.4505611566964174,0.9836224460147899,50,0,1,0.0,0.8971326765963857,1.0,0.9999999623397952,0.0,1.0,0.0,1.0
full_nl,oracle,OracleCF-Pearl,2,0,0,1.9567340383793563,1.54260790402015,0.994,0.9,0.94,1.548673288323647,0.9527942418391527,50,0,1,0.0,0.8475194185844225,1.0,0.999999973838747,0.0,0.0,,
full_nl,oracle,OracleCF-Pearl,3,1,0,2.029139407750847,1.5428076599129152,0.984,0.6,0.92,1.5310005090761976,0.9482200140559564,50,0,1,0.0,0.8790960765208997,1.0,0.999999977337761,0.0,1.0,0.0,1.0
full_nl,oracle,OracleCF-Pearl,4,0,0,4.200210902628017,1.784551739233057,0.96,0.1,0.91,1.430011306384668,0.9491101678412293,50,0,1,0.0,0.8879262118731714,1.0,0.9999999633763947,0.0,0.0,,
full_nl,oracle,OracleCF-Pearl,5,0,0,3.3908824033490252,1.7817050646538004,0.977,0.5,0.93,1.3233347495623968,0.9969837422941167,50,0,1,0.0,0.899391147036217,1.0,0.9999999604587372,0.0,0.0,,
full_nl,oracle,OracleCF-Pearl,6,1,0,3.458194911936732,1.685977840579109,0.972,0.5,0.89,1.2245060698051133,0.9890114004681847,50,0,1,0.0,0.8897303421434188,1.0,0.9999999759341689,0.0,1.0,0.0,1.0
full_nl,oracle,OracleCF-Pearl,7,1,0,4.003840673883961,2.0861178736116774,0.977,0.5,0.93,1.3664932021258034,0.9565573146203697,50,0,1,0.0,0.8927156458804718,1.0,0.999999961069871,0.0,1.0,0.0,1.0
full_nl,oracle,OracleCF-Pearl,8,0,0,15.154691563580744,4.253656193547393,0.901,0.0,0.84,1.2239007267742728,0.977502592988623,50,0,1,0.0,0.8509888739389817,1.0,0.9999999751996249,0.0,0.0,,
full_nl,oracle,OracleCF-Pearl,9,0,0,5.726204493579001,1.824542744936789,0.922,0.0,0.85,1.1410052119280534,0.9998428766722881,50,0,1,0.0,0.5346887572108506,1.0,0.9999999707057636,0.0,0.0,,
full_nl,oracle,OracleCF-Pearl,10,0,0,2.289614618366059,1.521330692954834,0.95,0.1,0.87,1.6391756623933653,0.9993439375488528,50,0,1,0.0,0.890509658778299,1.0,0.9999999748749264,0.0,0.0,,
full_nl,oracle,OracleCF-Pearl,11,1,0,2.8533645124688363,1.5772804378733944,0.957,0.3,0.88,1.3829409933107155,0.9896941658791221,50,0,1,0.0,0.8751421110491003,1.0,0.9999999756836128,0.0,1.0,0.0,1.0
full_nl,oracle,OracleCF-Pearl,12,0,0,1.9567475065241486,1.5426080394235755,0.994,0.9,0.94,1.5486728457207544,0.9290338630764075,50,0,1,0.0,0.8869364284564306,1.0,0.9999999616895198,0.0,0.0,,
full_nl,oracle,OracleCF-Pearl,13,1,0,2.392579678544396,1.551593200430451,0.971,0.3,0.92,1.4716843247382212,0.9922250363691156,50,0,1,0.0,0.8738149928424518,1.0,0.9999999747727568,0.0,1.0,0.0,1.0
full_nl,oracle,OracleCF-Pearl,14,1,0,1.8536172624846947,1.5121448545294038,0.978,0.3,0.94,1.7514755496861796,0.9496056186499644,50,0,1,0.0,0.8966212465774284,1.0,0.9999999609708422,0.0,1.0,0.0,1.0
full_nl,oracle,OracleCF-Pearl,15,0,0,9.372545706507603,2.523020638847325,0.926,0.2,0.83,1.1894100037645208,0.9915363579587398,50,0,1,0.0,0.8576842283702869,1.0,0.9999999751972803,0.0,0.0,,
full_nl,oracle,OracleCF-Pearl,16,0,0,3.6706935973446093,1.8169765946353684,0.974,0.5,0.89,1.2580151188393234,0.9851190161511745,50,0,1,0.0,0.8972146619923469,1.0,0.9999999749148979,0.0,0.0,,
full_nl,oracle,OracleCF-Pearl,17,1,0,4.0907635636229225,2.133838541176304,0.978,0.5,0.93,1.3559857264795743,0.9765393647260961,50,0,1,0.0,0.8904695127935643,1.0,0.9999999612286895,0.0,1.0,0.0,1.0
full_nl,oracle,OracleCF-Pearl,18,1,0,3.240668564095132,1.6667725082802223,0.964,0.1,0.92,1.4622447434387966,0.9774336826503285,50,0,1,0.0,0.8830835867113461,1.0,0.9999999756467571,0.0,1.0,0.0,1.0
full_nl,oracle,OracleCF-Pearl,19,0,0,24.731805814893413,5.322394909748285,0.882,0.0,0.81,1.2253657954592776,0.9647465649219817,50,0,1,0.0,0.878541637135761,1.0,0.9999999740688325,0.0,0.0,,
full_nl,oracle,OracleCF-Pearl,20,0,0,5.042472137353269,1.7780217586242801,0.951,0.2,0.88,1.3150203976084474,0.9520005442431767,50,0,1,0.0,0.8641493752384465,1.0,0.9999999745612181,0.0,0.0,,
full_nl,oracle,OracleCF-Pearl,21,0,0,2.0907367347696897,1.5634395708879507,0.994,0.9,0.94,1.4505650820482756,0.9949716309775753,50,0,1,0.0,0.895028878033515,1.0,0.9999999613970648,0.0,0.0,,
full_nl,oracle,OracleCF-Pearl,22,0,0,1.9567480285544245,1.5426079618510076,0.994,0.9,0.94,1.548672375707714,0.9917723744100764,50,0,1,0.0,0.9037467920230899,1.0,0.9999999602768149,0.0,0.0,,
full_nl,oracle,OracleCF-Pearl,23,0,0,2.6999647832953055,1.554909755751258,0.955,0.3,0.88,1.4736168225526607,0.950000382370704,50,0,1,0.0,0.8658717767624626,1.0,0.9999999725643608,0.0,0.0,,
full_nl,oracle,OracleCF-Pearl,24,0,0,2.100589557498557,1.5140761476933815,0.958,0.1,0.9,1.7021828334581846,0.9546979033928945,50,0,1,0.0,0.8516994783931956,1.0,0.9999999756947366,0.0,0.0,,
full_nl,oracle,OracleCF-Pearl,25,0,0,3.600240779012499,1.8677013910607871,0.978,0.4,0.93,1.3495932699737427,0.9919886276097374,50,0,1,0.0,0.8978818815912074,1.0,0.9999999631626086,0.0,0.0,,
full_nl,oracle,OracleCF-Pearl,26,1,0,4.846118278391957,2.083285692636054,0.97,0.4,0.9,0.9995112637617014,0.9075205751931466,50,0,1,0.0,0.8533424518649682,1.0,0.999999975915848,0.0,1.0,0.0,1.0
full_nl,oracle,OracleCF-Pearl,27,0,0,7.643190973839662,2.7288252227816168,0.955,0.1,0.9,1.2618689697968222,0.9232374056658558,50,0,1,0.0,0.8893831266381249,1.0,0.9999999625877486,0.0,0.0,,
full_nl,oracle,OracleCF-Pearl,28,0,0,12.509661807364173,4.192866789067492,0.94,0.1,0.88,1.2520349841655656,0.9861160572235195,50,0,1,0.0,0.8671428668772249,1.0,0.9999999757554097,0.0,0.0,,
full_nl,oracle,OracleCF-Pearl,29,0,0,693.9278153377091,39.956875113202855,0.518,0.0,0.5,0.9679751177876785,0.9967480340522182,50,0,1,0.0,0.851034171494104,1.0,0.9999999737926716,0.0,0.0,,
full_nl,oracle,OracleCF-Pearl,30,1,0,3.5249131147376196,1.6666899553712349,0.938,0.1,0.87,1.3667503414280606,0.9802270498582385,50,0,1,0.0,0.8855396500057935,1.0,0.9999999760721242,0.0,1.0,0.0,1.0
full_nl,oracle,OracleCF-Pearl,31,1,0,2.091941265231178,1.5634400075272388,0.993,0.8,0.94,1.4505632168761877,0.9514925868431545,50,0,1,0.0,0.8877784833261098,1.0,0.9999999601767918,0.0,1.0,0.0,1.0
full_nl,oracle,OracleCF-Pearl,32,1,0,1.9567468773071257,1.5426079344337984,0.994,0.9,0.94,1.548673161020874,0.9242390223581322,50,0,1,0.0,0.8789576074205282,1.0,0.9999999618371067,0.0,1.0,0.0,1.0
full_nl,oracle,OracleCF-Pearl,33,0,0,1.9653900899981294,1.5424061566307348,0.992,0.7,0.94,1.5488300651652769,0.9813569278509736,50,0,1,0.0,0.8815711455581074,1.0,0.9999999746331965,0.0,0.0,,
full_nl,oracle,OracleCF-Pearl,34,0,0,1.9087457229084586,1.512130622471866,0.97,0.1,0.91,1.7415431387378855,0.9347024015048409,50,0,1,0.0,0.8222822227723706,1.0,0.9999999762419063,0.0,0.0,,
full_nl,oracle,OracleCF-Pearl,35,1,0,24.87056480034682,5.299378924594082,0.9,0.1,0.82,1.188139933966801,0.992930281152122,50,0,1,0.0,0.8499551117137049,1.0,0.9999999733757655,0.0,1.0,0.0,1.0
full_nl,oracle,OracleCF-Pearl,36,0,0,7.394104554334173,2.998257411413646,0.92,0.1,0.84,1.2715042511885308,0.9763373092478511,50,0,1,0.0,0.8710472580382824,1.0,0.9999999745685204,0.0,0.0,,
full_nl,oracle,OracleCF-Pearl,37,1,0,3.4841374206263236,1.8738224201088516,0.978,0.5,0.93,1.375015622287245,0.9634547972548947,50,0,1,0.0,0.8936218579013208,1.0,0.9999999638744749,0.0,1.0,0.0,1.0
full_nl,oracle,OracleCF-Pearl,38,1,0,5.224261008626012,1.892001111224219,0.947,0.1,0.88,1.290670043731055,0.9959718889412162,50,0,1,0.0,0.8843156232249461,1.0,0.9999999750639291,0.0,1.0,0.0,1.0
full_nl,oracle,OracleCF-Pearl,39,1,0,2.47781308637719,1.6159233511313131,0.981,0.5,0.92,1.2681468726371348,0.9889582988233278,50,0,1,0.0,0.8946070738647837,1.0,0.9999999609606733,0.0,1.0,0.0,1.0
full_nl,oracle,OracleCF-Pearl,40,0,0,2.039573156843409,1.5180746603091864,0.961,0.1,0.89,1.677965891777713,0.9668540570103803,50,0,1,0.0,0.8889991713084582,1.0,0.9999999764108282,0.0,0.0,,
full_nl,oracle,OracleCF-Pearl,41,1,0,18.22025366689626,4.2339483007892165,0.915,0.0,0.85,1.1994540357098782,0.9782242982976589,50,0,1,0.0,0.8714454390429788,1.0,0.9999999760095128,0.0,1.0,0.0,1.0
full_nl,oracle,OracleCF-Pearl,42,1,0,1.956732181610364,1.5426079614582289,0.994,0.9,0.94,1.5486733175401504,0.9645515932594502,50,0,1,0.0,0.8592903098913505,1.0,0.999999975405275,0.0,1.0,0.0,1.0
full_nl,oracle,OracleCF-Pearl,43,0,0,5.640192480113251,1.9917279083871562,0.949,0.1,0.91,1.296783410489901,0.9713808144434712,50,0,1,0.0,0.8818272674839124,1.0,0.9999999742717813,0.0,0.0,,
full_nl,oracle,OracleCF-Pearl,44,0,0,5.321149234743697,2.038183148921057,0.956,0.0,0.91,1.3743870325324028,0.9459740006067334,50,0,1,0.0,0.8832799822023641,1.0,0.9999999628239645,0.0,0.0,,
full_nl,oracle,OracleCF-Pearl,45,0,0,5.709594051467211,1.8668596247138425,0.947,0.2,0.88,1.1755276490885707,0.98255904227896,50,0,1,0.0,0.8843445692673023,1.0,0.9999999762407971,0.0,0.0,,
full_nl,oracle,OracleCF-Pearl,46,1,0,2.439547272448045,1.613424370165694,0.986,0.8,0.92,1.2746613948752152,0.9900064263013567,50,0,1,0.0,0.8934261658681656,1.0,0.9999999632707625,0.0,1.0,0.0,1.0
full_nl,oracle,OracleCF-Pearl,47,0,0,7.755088498621051,3.221842263210499,0.925,0.0,0.85,1.3458063397569904,0.9975274224451319,50,0,1,0.0,0.8928235534240138,1.0,0.999999976282664,0.0,0.0,,
full_nl,oracle,OracleCF-Pearl,48,0,0,17.7690015250602,4.339856264441944,0.901,0.0,0.84,1.2174504084709799,0.9645136478397691,50,0,1,0.0,0.8594790507770391,1.0,0.9999999752273372,0.0,0.0,,
full_nl,oracle,OracleCF-Pearl,49,1,0,12.954934034609485,3.0428515966854413,0.914,0.0,0.85,1.0900594437030142,0.9986881765470957,50,0,1,0.0,0.8214222078476061,1.0,0.9999999750450655,0.0,1.0,0.0,1.0
full_nl,oracle,OracleCF-Pearl,50,0,0,1.9416304090398695,1.5192950097365794,0.987,0.7,0.93,1.6639980904107352,0.9888061351797995,50,0,1,0.0,0.8969585172512204,1.0,0.9999999619370156,0.0,0.0,,
full_nl,oracle,OracleCF-Pearl,51,1,0,2.0901137090142687,1.5634393250159904,0.994,0.9,0.94,1.4505651975316138,0.9931424326436672,50,0,1,0.0,0.896365250450143,1.0,0.9999999631786635,0.0,1.0,0.0,1.0
full_nl,oracle,OracleCF-Pearl,52,1,0,1.956733591451914,1.5426079770088192,0.994,0.9,0.94,1.5486730288751465,0.9909089037784719,50,0,1,0.0,0.8846888603439554,1.0,0.9999999750490489,0.0,1.0,0.0,1.0
full_nl,oracle,OracleCF-Pearl,53,1,0,2.023124984821538,1.5426838591192318,0.986,0.6,0.94,1.5465910263582348,0.9628811646161839,50,0,1,0.0,0.9045210371760966,1.0,0.9999999608545691,0.0,1.0,0.0,1.0
full_nl,oracle,OracleCF-Pearl,54,1,0,1.8836530966107579,1.512477300256113,0.978,0.3,0.94,1.7435401546162206,0.9823442767805569,50,0,1,0.0,0.8876994095967798,1.0,0.9999999610489907,0.0,1.0,0.0,1.0
full_nl,oracle,OracleCF-Pearl,55,1,0,6.814915691189256,1.9824826551134158,0.941,0.2,0.87,1.144816852911829,0.9865462335839077,50,0,1,0.0,0.8841409691319293,1.0,0.9999999749865964,0.0,1.0,0.0,1.0
full_nl,oracle,OracleCF-Pearl,56,0,0,4.0536645427124025,1.82423493116998,0.959,0.3,0.87,1.2541272659510823,0.9888811699940745,50,0,1,0.0,0.8728040601000855,1.0,0.9999999745379392,0.0,0.0,,
full_nl,oracle,OracleCF-Pearl,57,1,0,2.1057689577827903,1.5276463971607672,0.978,0.2,0.92,1.6591843759945009,0.9941574958682049,50,0,1,0.0,0.8815111932561325,1.0,0.9999999756244954,0.0,1.0,0.0,1.0
full_nl,oracle,OracleCF-Pearl,58,0,0,6.927148453593571,2.4292046255918995,0.954,0.1,0.91,1.3372942391616345,0.999435858072176,50,0,1,0.0,0.8935316521259037,1.0,0.9999999629518822,0.0,0.0,,
full_nl,oracle,OracleCF-Pearl,59,0,0,4.648269689808503,1.7238718965279491,0.922,0.0,0.86,1.2329128936043074,0.9522915016400172,50,0,1,0.0,0.8871330704955889,1.0,0.9999999770147182,0.0,0.0,,
full_nl,oracle,OracleCF-Pearl,60,0,0,3.1191239759650573,1.5564778808200055,0.948,0.1,0.88,1.5033798546387669,0.9718698170966523,50,0,1,0.0,0.8854966602413337,1.0,0.9999999745986975,0.0,0.0,,
full_nl,oracle,OracleCF-Pearl,61,0,0,2.4579112419121754,1.5673692318803933,0.965,0.3,0.89,1.4076929488184275,0.99143821253113,50,0,1,0.0,0.8613499567718863,1.0,0.9999999752018864,0.0,0.0,,
full_nl,oracle,OracleCF-Pearl,62,0,0,1.95673329402555,1.5426078939031347,0.994,0.9,0.94,1.5486732739581972,0.9631315363922939,50,0,1,0.0,0.8799911677417441,1.0,0.9999999749333233,0.0,0.0,,
full_nl,oracle,OracleCF-Pearl,63,0,0,3.049151818240165,1.5932153305820926,0.964,0.3,0.91,1.4051514030677403,0.9643540906231968,50,0,1,0.0,0.8856314718479973,1.0,0.9999999759476051,0.0,0.0,,
full_nl,oracle,OracleCF-Pearl,64,0,0,9.246693482289805,3.044589358923079,0.941,0.0,0.89,1.2697003860409484,0.9815781292678062,50,0,1,0.0,0.8892202138327294,1.0,0.9999999604212773,0.0,0.0,,
full_nl,oracle,OracleCF-Pearl,65,0,0,2.7829498178529026,1.6010001291401055,0.96,0.3,0.89,1.3236862279553594,0.9698029581875707,50,0,1,0.0,0.8808412640820859,1.0,0.9999999757876992,0.0,0.0,,
full_nl,oracle,OracleCF-Pearl,66,0,0,6.112242670070762,3.032406410795887,0.969,0.4,0.9,1.2907383440159557,0.9912270228565542,50,0,1,0.0,0.8713153298243592,1.0,0.9999999767135094,0.0,0.0,,
full_nl,oracle,OracleCF-Pearl,67,0,0,9.044055597274328,2.7851561866829435,0.913,0.0,0.84,1.2758068489877008,0.9774924633591616,50,0,1,0.0,0.8888423328000681,1.0,0.9999999751058773,0.0,0.0,,
full_nl,oracle,OracleCF-Pearl,68,1,0,4.960827880702037,1.8592289174320282,0.953,0.1,0.9,1.2889095277350304,0.9960800875439026,50,0,1,0.0,0.8884765358698559,1.0,0.9999999763927799,0.0,1.0,0.0,1.0
full_nl,oracle,OracleCF-Pearl,69,0,0,5.087756113444857,1.7466153889047704,0.931,0.0,0.87,1.1405928007079948,0.985205651046853,50,0,1,0.0,0.8694833043512283,1.0,0.9999999758990887,0.0,0.0,,
full_nl,oracle,OracleCF-Pearl,70,0,0,1.9736794808129097,1.5182397317956324,0.969,0.1,0.9,1.6822251871508795,0.977160554356698,50,0,1,0.0,0.8806110982588817,1.0,0.99999997447842,0.0,0.0,,
full_nl,oracle,OracleCF-Pearl,71,0,0,2.0899469328290285,1.563439356104487,0.994,0.9,0.94,1.4505652810070233,0.98361144465109,50,0,1,0.0,0.898135459926553,1.0,0.9999999597144321,0.0,0.0,,
full_nl,oracle,OracleCF-Pearl,72,0,0,1.9567325677421232,1.5426078414734978,0.994,0.9,0.94,1.5486732154206089,0.9554981952618525,50,0,1,0.0,0.8743451240021451,1.0,0.9999999745783,0.0,0.0,,
full_nl,oracle,OracleCF-Pearl,73,0,0,2.300759147847021,1.5479851132373308,0.974,0.3,0.92,1.4591688940054786,0.9953922851398703,50,0,1,0.0,0.8838964903452521,1.0,0.9999999741212323,0.0,0.0,,
full_nl,oracle,OracleCF-Pearl,74,0,0,10.837593474339005,2.7197662047414926,0.914,0.0,0.85,1.2972528132572914,0.9998097382621072,50,0,1,0.0,0.8716613133110083,1.0,0.9999999733887459,0.0,0.0,,
full_nl,oracle,OracleCF-Pearl,75,0,0,7.626307085684134,2.3282193768981023,0.936,0.2,0.86,1.2131720658988001,0.9762501088563309,50,0,1,0.0,0.8706903669073994,1.0,0.999999975557398,0.0,0.0,,
full_nl,oracle,OracleCF-Pearl,76,1,0,5.440051721207468,2.300388018050299,0.962,0.3,0.89,1.2480085537180896,0.938797150373134,50,0,1,0.0,0.8796083438959371,1.0,0.9999999744454724,0.0,1.0,0.0,1.0
full_nl,oracle,OracleCF-Pearl,77,1,0,3.7113192439850007,2.0115171134054166,0.98,0.5,0.93,1.365022392751248,0.9826689030576076,50,0,1,0.0,0.8918038068005795,1.0,0.9999999617627541,0.0,1.0,0.0,1.0
full_nl,oracle,OracleCF-Pearl,78,0,0,36.998578258734426,6.200478296916198,0.85,0.1,0.8,1.247880995074675,0.9846796258361711,50,0,1,0.0,0.8301926986917169,1.0,0.9999999750988551,0.0,0.0,,
full_nl,oracle,OracleCF-Pearl,79,1,0,2.4833744362088983,1.6159893976952056,0.981,0.6,0.92,1.267664029508902,0.9739747297383602,50,0,1,0.0,0.9003329852975079,1.0,0.9999999618323363,0.0,1.0,0.0,1.0
full_nl,oracle,OracleCF-Pearl,80,0,0,1.934530037853553,1.5174609363715017,0.971,0.1,0.93,1.6996215405058201,0.9965293875088768,50,0,1,0.0,0.8772846181425723,1.0,0.9999999757267497,0.0,0.0,,
full_nl,oracle,OracleCF-Pearl,81,1,0,2.9342900495594746,1.5783518753575891,0.945,0.2,0.86,1.3880323558144934,0.9653920387907001,50,0,1,0.0,0.87709641663463,1.0,0.9999999735522462,0.0,1.0,0.0,1.0
full_nl,oracle,OracleCF-Pearl,82,0,0,1.9567326081053256,1.5426079276983506,0.994,0.9,0.94,1.5486731546724577,0.9426506033903227,50,0,1,0.0,0.8696830979147344,1.0,0.9999999763522903,0.0,0.0,,
full_nl,oracle,OracleCF-Pearl,83,1,0,2.1858296669241146,1.5431462985598323,0.956,0.3,0.88,1.5257044763344105,0.9875034845223407,50,0,1,0.0,0.8744524429123064,1.0,0.9999999737470392,0.0,1.0,0.0,1.0
full_nl,oracle,OracleCF-Pearl,84,1,0,1.9815723935476113,1.5132314649111596,0.97,0.1,0.91,1.7149463970824292,0.9835071688038405,50,0,1,0.0,0.8890673112435715,1.0,0.999999974515687,0.0,1.0,0.0,1.0
full_nl,oracle,OracleCF-Pearl,85,1,0,22.730797437527425,5.009227668525897,0.91,0.1,0.85,1.2070005427843824,0.9252854527501478,50,0,1,0.0,0.8749221948655536,1.0,0.9999999733968491,0.0,1.0,0.0,1.0
full_nl,oracle,OracleCF-Pearl,86,1,0,5.55732544136704,1.9541639816562677,0.941,0.2,0.87,1.1033739302600305,0.9646929357706148,50,0,1,0.0,0.8671786246883655,1.0,0.9999999735893751,0.0,1.0,0.0,1.0
full_nl,oracle,OracleCF-Pearl,87,1,0,28.59696675409705,5.3621487580535385,0.833,0.0,0.73,1.2339564760588035,0.948154030857965,50,0,1,0.0,0.7928136695490852,1.0,0.9999999752738391,0.0,1.0,0.0,1.0
full_nl,oracle,OracleCF-Pearl,88,0,0,5.5758206223692435,2.0580502201577806,0.955,0.1,0.91,1.3297019809738941,0.988697548159108,50,0,1,0.0,0.8986077901109535,1.0,0.99999996325096,0.0,0.0,,
full_nl,oracle,OracleCF-Pearl,89,1,0,503.9946673221305,31.854170842960116,0.522,0.0,0.5,1.1843875790334917,0.9697408355054298,50,0,1,0.0,0.3648099670612252,1.0,0.9999999594719297,0.0,1.0,0.0,1.0
full_nl,oracle,OracleCF-Pearl,90,1,0,19.82688578091366,4.089577398842827,0.896,0.0,0.83,1.2598707523253125,0.9381928670691289,50,0,1,0.0,0.8983914609520702,1.0,0.9999999735528159,0.0,1.0,0.0,1.0
full_nl,oracle,OracleCF-Pearl,91,1,0,15.344236160374255,3.614338277702792,0.918,0.0,0.85,1.2380983289296128,0.9797999166293844,50,0,1,0.0,0.8792518729776371,1.0,0.9999999744982326,0.0,1.0,0.0,1.0
full_nl,oracle,OracleCF-Pearl,92,0,0,1.9567330662219837,1.5426080223225744,0.994,0.9,0.94,1.548673182735368,0.996640923712544,50,0,1,0.0,0.88061679532052,1.0,0.9999999746693843,0.0,0.0,,
full_nl,oracle,OracleCF-Pearl,93,1,0,2.331100061665304,1.5452607376540088,0.958,0.2,0.87,1.513021576427936,0.9693098076632243,50,0,1,0.0,0.8793016633496215,1.0,0.99999997396066,0.0,1.0,0.0,1.0
full_nl,oracle,OracleCF-Pearl,94,1,0,13.846450952223057,4.3380928374934715,0.908,0.0,0.85,1.3122678212186414,0.9831127790426891,50,0,1,0.0,0.8828674665612621,1.0,0.9999999760149076,0.0,1.0,0.0,1.0
full_nl,oracle,OracleCF-Pearl,95,0,0,3.5926517343357856,1.8285188445813199,0.975,0.4,0.93,1.2987029686250693,0.9894152232339433,50,0,1,0.0,0.8955041927341518,1.0,0.9999999594518835,0.0,0.0,,
full_nl,oracle,OracleCF-Pearl,96,1,0,2.803918447514681,1.619776612624064,0.969,0.4,0.89,1.2564832882274746,0.9760776025806283,50,0,1,0.0,0.8668614472550459,1.0,0.9999999743732095,0.0,1.0,0.0,1.0
full_nl,oracle,OracleCF-Pearl,97,0,0,10.928028712650724,3.315274287599415,0.946,0.1,0.9,1.258705098303304,0.9835745858341096,50,0,1,0.0,0.8892155965048146,1.0,0.9999999612679447,0.0,0.0,,
full_nl,oracle,OracleCF-Pearl,98,0,0,11.177948712509822,2.969793014708271,0.926,0.1,0.86,1.2001121052566504,0.9807183893180057,50,0,1,0.0,0.8755765322498732,1.0,0.9999999768651855,0.0,0.0,,
full_nl,oracle,OracleCF-Pearl,99,0,0,682.8448286146116,39.38778489015286,0.518,0.0,0.5,0.9949761166964591,0.9491263524475653,50,0,1,0.0,0.8812678553630127,1.0,0.9999999746157145,0.0,0.0,,
full_nl,oracle,OracleCF-Rollout,0,0,0,68.30926159115579,4.677380685143267,0.514,0.0,0.5,1.3133597253517628,0.518851804295422,50,0,50,1.0,0.999999974944041,0.0,0.8728916294749863,0.0,0.0,,
full_nl,oracle,OracleCF-Rollout,1,1,0,56.31570098308318,3.7655116778660296,0.512,0.0,0.5,1.2357487155977196,0.500340517848338,50,0,50,1.0,0.9999999605532707,0.0,0.8971326779584721,1.0,0.0,1.0,0.0
full_nl,oracle,OracleCF-Rollout,2,0,0,84.51341550810223,6.611351146628371,0.512,0.0,0.5,1.2015251343307856,0.5589026019842874,50,0,50,1.0,0.9999999752555436,0.0,0.8475194203552657,0.0,0.0,,
full_nl,oracle,OracleCF-Rollout,3,1,0,66.2498895408142,4.213762855477559,0.513,0.0,0.5,1.1934805618029023,0.5502002842972178,50,0,50,1.0,0.9999999753412214,0.0,0.879096078083038,1.0,0.0,1.0,0.0
full_nl,oracle,OracleCF-Rollout,4,0,0,63.03011647529841,4.282645502581624,0.51,0.0,0.5,1.187835089055841,0.5355864463662026,50,0,50,1.0,0.9999999605960042,0.0,0.8879262125403692,0.0,0.0,,
full_nl,oracle,OracleCF-Rollout,5,0,0,56.08748233014603,3.729935695097052,0.512,0.0,0.5,1.2355342235576157,0.5249115010279025,50,0,50,1.0,0.9999999612645214,0.0,0.8993911437162534,0.0,0.0,,
full_nl,oracle,OracleCF-Rollout,6,1,0,59.08155985051159,3.8206989012945063,0.516,0.0,0.5,1.2803335231214736,0.5309843384441506,50,0,50,1.0,0.9999999757530589,0.0,0.8897303377290736,1.0,0.0,1.0,0.0
full_nl,oracle,OracleCF-Rollout,7,1,0,59.38892344006893,3.985314044664312,0.514,0.0,0.5,1.2825599655003648,0.5304220058668653,50,0,50,1.0,0.9999999614564099,0.0,0.8927156502998723,1.0,0.0,1.0,0.0
full_nl,oracle,OracleCF-Rollout,8,0,0,93.98658588074983,7.309276611192398,0.511,0.0,0.5,1.1606209336414104,0.5052848641928211,50,0,50,1.0,0.9999999748738333,0.0,0.8509888747781944,0.0,0.0,,
full_nl,oracle,OracleCF-Rollout,9,0,0,313.72769464679374,24.28133486175196,0.511,0.0,0.5,1.1768208035138836,0.5066906415837192,50,0,50,1.0,0.9999999759534969,0.0,0.534688755741683,0.0,0.0,,
full_nl,oracle,OracleCF-Rollout,10,0,0,59.05053860137819,3.9452274002472763,0.513,0.0,0.5,1.265373125623668,0.5397805989894725,50,0,50,1.0,0.9999999759671544,0.0,0.8905096587129804,0.0,0.0,,
full_nl,oracle,OracleCF-Rollout,11,1,0,69.09103113028709,4.500015143591348,0.511,0.0,0.5,1.2441291628686966,0.4985483664776608,50,0,50,1.0,0.9999999756947089,0.0,0.8751421121495986,1.0,0.0,1.0,0.0
full_nl,oracle,OracleCF-Rollout,12,0,0,61.7434572194703,3.999327427415157,0.511,0.0,0.5,1.2338700506494034,0.547481442528607,50,0,50,1.0,0.9999999609248965,0.0,0.8869364229561261,0.0,0.0,,
full_nl,oracle,OracleCF-Rollout,13,1,0,69.16277573408762,4.390826787543212,0.513,0.0,0.5,1.2542613374993146,0.5014955719398789,50,0,50,1.0,0.9999999754726758,0.0,0.8738149940391199,1.0,0.0,1.0,0.0
full_nl,oracle,OracleCF-Rollout,14,1,0,56.16411736998449,3.694683182918958,0.514,0.0,0.5,1.30996700329529,0.5597417518356089,50,0,50,1.0,0.9999999609489841,0.0,0.896621248667687,1.0,0.0,1.0,0.0
full_nl,oracle,OracleCF-Rollout,15,0,0,84.15680821859476,6.256116230856546,0.512,0.0,0.5,1.18691480594805,0.5189329016576499,50,0,50,1.0,0.9999999754411943,0.0,0.8576842297772641,0.0,0.0,,
full_nl,oracle,OracleCF-Rollout,16,0,0,57.584169741496204,3.8630814817256915,0.515,0.0,0.5,1.2781732707308737,0.521373920885177,50,0,50,1.0,0.9999999748102458,0.0,0.8972146601764954,0.0,0.0,,
full_nl,oracle,OracleCF-Rollout,17,1,0,61.55091006443451,4.271692710754246,0.512,0.0,0.5,1.2562994743907179,0.5268654416905776,50,0,50,1.0,0.9999999619969656,0.0,0.890469510569001,1.0,0.0,1.0,0.0
full_nl,oracle,OracleCF-Rollout,18,1,0,64.25235085117295,4.415025224509832,0.512,0.0,0.5,1.233791625842207,0.4887171012474953,50,0,50,1.0,0.9999999753697489,0.0,0.8830835875713451,1.0,0.0,1.0,0.0
full_nl,oracle,OracleCF-Rollout,19,0,0,84.15541089550754,7.35743569759195,0.511,0.0,0.5,1.2757651330159068,0.49705909236851237,50,0,50,1.0,0.9999999757655484,0.0,0.878541633367121,0.0,0.0,,
full_nl,oracle,OracleCF-Rollout,20,0,0,76.8070315276486,5.312121685354127,0.512,0.0,0.5,1.2018200697222248,0.5438239679120643,50,0,50,1.0,0.9999999728024191,0.0,0.8641493766189146,0.0,0.0,,
full_nl,oracle,OracleCF-Rollout,21,0,0,57.53736719221321,3.850631843745487,0.512,0.0,0.5,1.2346166319949308,0.5071915888022575,50,0,50,1.0,0.9999999616725364,0.0,0.8950288782485945,0.0,0.0,,
full_nl,oracle,OracleCF-Rollout,22,0,0,52.11027191449505,3.5206869076336753,0.511,0.0,0.5,1.29441481430962,0.544566185084372,50,0,50,1.0,0.9999999604496961,0.0,0.9037467931205797,0.0,0.0,,
full_nl,oracle,OracleCF-Rollout,23,0,0,73.51547024806598,5.1672198994238565,0.515,0.0,0.5,1.1745906576882865,0.535074181357418,50,0,50,1.0,0.999999973572267,0.0,0.86587177184672,0.0,0.0,,
full_nl,oracle,OracleCF-Rollout,24,0,0,81.88775378241914,5.416479261089977,0.511,0.0,0.5,1.2311548399212964,0.5095766522910747,50,0,50,1.0,0.9999999753188773,0.0,0.8516994814487893,0.0,0.0,,
full_nl,oracle,OracleCF-Rollout,25,0,0,56.71269788687456,3.786897517125821,0.516,0.0,0.5,1.2243097859347523,0.5124969269339242,50,0,50,1.0,0.999999961282225,0.0,0.8978818818400697,0.0,0.0,,
full_nl,oracle,OracleCF-Rollout,26,1,0,82.78222159570015,5.623649433376299,0.513,0.0,0.5,1.112291759509994,0.5488571906701181,50,0,50,1.0,0.9999999750477864,0.0,0.8533424514722296,1.0,0.0,1.0,0.0
full_nl,oracle,OracleCF-Rollout,27,0,0,65.13992512559793,4.585841437060737,0.51,0.0,0.5,1.1788888726781572,0.5672270768710888,50,0,50,1.0,0.9999999619769471,0.0,0.8893831210264121,0.0,0.0,,
full_nl,oracle,OracleCF-Rollout,28,0,0,81.45967708860618,6.555654243008668,0.513,0.0,0.5,1.243067651224582,0.5026058652138312,50,0,50,1.0,0.9999999754642823,0.0,0.8671428641219087,0.0,0.0,,
full_nl,oracle,OracleCF-Rollout,29,0,0,682.0904146048416,39.25075341110271,0.509,0.0,0.5,1.002175367345436,0.5067924504571516,50,0,50,1.0,0.9999999747027586,0.0,0.8510341688324349,0.0,0.0,,
full_nl,oracle,OracleCF-Rollout,30,1,0,63.011076711217854,4.188689784987855,0.511,0.0,0.5,1.1962948909868543,0.5264526388461435,50,0,50,1.0,0.9999999758959506,0.0,0.8855396495433662,1.0,0.0,1.0,0.0
full_nl,oracle,OracleCF-Rollout,31,1,0,61.403197530075154,4.13059527313655,0.512,0.0,0.5,1.2784157065036672,0.5256485151458625,50,0,50,1.0,0.9999999620123521,0.0,0.8877784859035155,1.0,0.0,1.0,0.0
full_nl,oracle,OracleCF-Rollout,32,1,0,66.39424129691436,4.538842708019,0.515,0.0,0.5,1.2315646577465238,0.5349343525821659,50,0,50,1.0,0.9999999607727753,0.0,0.878957608227071,1.0,0.0,1.0,0.0
full_nl,oracle,OracleCF-Rollout,33,0,0,64.75983875022865,4.4103952455492195,0.514,0.0,0.5,1.1986108105542987,0.5195324257690968,50,0,50,1.0,0.9999999749969096,0.0,0.8815711439059213,0.0,0.0,,
full_nl,oracle,OracleCF-Rollout,34,0,0,99.52105287136618,7.776778709003547,0.511,0.0,0.5,1.2354945879738852,0.5285669382621689,50,0,50,1.0,0.9999999753883085,0.0,0.8222822236338849,0.0,0.0,,
full_nl,oracle,OracleCF-Rollout,35,1,0,102.81962543515486,8.58677704898195,0.514,0.0,0.5,1.1882540014161882,0.5275892582675391,50,0,50,1.0,0.9999999742941803,0.0,0.8499551110590471,1.0,0.0,1.0,0.0
full_nl,oracle,OracleCF-Rollout,36,0,0,75.05659751900778,6.213463076946752,0.51,0.0,0.5,1.22769554999994,0.5444024535174995,50,0,50,1.0,0.9999999759512891,0.0,0.8710472625602128,0.0,0.0,,
full_nl,oracle,OracleCF-Rollout,37,1,0,59.395128680362724,4.058078436762828,0.515,0.0,0.5,1.205766107558008,0.5226210064485904,50,0,50,1.0,0.9999999620481338,0.0,0.8936218567227662,1.0,0.0,1.0,0.0
full_nl,oracle,OracleCF-Rollout,38,1,0,64.34598634131925,4.427751347927167,0.51,0.0,0.5,1.273926444147332,0.5126405014025747,50,0,50,1.0,0.9999999750819247,0.0,0.8843156239515776,1.0,0.0,1.0,0.0
full_nl,oracle,OracleCF-Rollout,39,1,0,57.33465443121959,3.8832170186160027,0.512,0.0,0.5,1.3023108767880331,0.5024000687843196,50,0,50,1.0,0.9999999616791176,0.0,0.8946070718364773,1.0,0.0,1.0,0.0
full_nl,oracle,OracleCF-Rollout,40,0,0,60.48315401324543,3.970550611246441,0.509,0.0,0.5,1.311643935884724,0.5264350398140224,50,0,50,1.0,0.9999999751533455,0.0,0.8889991702084117,0.0,0.0,,
full_nl,oracle,OracleCF-Rollout,41,1,0,85.22622047941962,6.684476879891893,0.513,0.0,0.5,1.2285879636757284,0.4767754131113073,50,0,50,1.0,0.9999999738659668,0.0,0.8714454415879646,1.0,0.0,1.0,0.0
full_nl,oracle,OracleCF-Rollout,42,1,0,77.48358895303816,5.425535316480565,0.51,0.0,0.5,1.1738516082873913,0.5291604360840988,50,0,50,1.0,0.9999999751102997,0.0,0.859290311080241,1.0,0.0,1.0,0.0
full_nl,oracle,OracleCF-Rollout,43,0,0,67.17613452269453,4.517150478519894,0.511,0.0,0.5,1.2299455674345545,0.5195632581907637,50,0,50,1.0,0.9999999744979127,0.0,0.8818272680053817,0.0,0.0,,
full_nl,oracle,OracleCF-Rollout,44,0,0,66.83601788554583,4.468881627411877,0.513,0.0,0.5,1.2033402931365322,0.531910541117525,50,0,50,1.0,0.9999999616312338,0.0,0.8832799759730596,0.0,0.0,,
full_nl,oracle,OracleCF-Rollout,45,0,0,65.88696131230385,4.314714433652427,0.51,0.0,0.5,1.249577511023039,0.5227592091217761,50,0,50,1.0,0.9999999752047488,0.0,0.8843445697063005,0.0,0.0,,
full_nl,oracle,OracleCF-Rollout,46,1,0,58.743752557904855,3.9929333931648907,0.511,0.0,0.5,1.2750270449767538,0.5115387098587507,50,0,50,1.0,0.9999999618167662,0.0,0.8934261627048041,1.0,0.0,1.0,0.0
full_nl,oracle,OracleCF-Rollout,47,0,0,62.53492069756973,4.73990017194256,0.511,0.0,0.5,1.2883161615394407,0.5240383023114084,50,0,50,1.0,0.9999999755897526,0.0,0.8928235560278818,0.0,0.0,,
full_nl,oracle,OracleCF-Rollout,48,0,0,88.72473715631298,6.685637516837872,0.51,0.0,0.5,1.1956606438581743,0.5012310664033517,50,0,50,1.0,0.9999999751655511,0.0,0.8594790511353846,0.0,0.0,,
full_nl,oracle,OracleCF-Rollout,49,1,0,108.69421413871673,8.903595127112176,0.512,0.0,0.5,1.1671899348246269,0.5031994901006759,50,0,50,1.0,0.9999999748939609,0.0,0.8214222064870284,1.0,0.0,1.0,0.0
full_nl,oracle,OracleCF-Rollout,50,0,0,55.94543015946849,3.747597503176018,0.515,0.0,0.5,1.2393754582572094,0.5119850997606212,50,0,50,1.0,0.9999999610859396,0.0,0.8969585160510407,0.0,0.0,,
full_nl,oracle,OracleCF-Rollout,51,1,0,56.52500296105686,3.671256042829259,0.511,0.0,0.5,1.1940518960998288,0.5209899014783983,50,0,50,1.0,0.9999999624364152,0.0,0.8963652504385118,1.0,0.0,1.0,0.0
full_nl,oracle,OracleCF-Rollout,52,1,0,62.85922981463046,4.129563318315771,0.511,0.0,0.5,1.2666371087795656,0.517653444633247,50,0,50,1.0,0.9999999753293929,0.0,0.884688859023956,1.0,0.0,1.0,0.0
full_nl,oracle,OracleCF-Rollout,53,1,0,51.826147778396916,3.5525727321205456,0.512,0.0,0.5,1.2563404709632309,0.5109353442978012,50,0,50,1.0,0.9999999621564108,0.0,0.9045210364951369,1.0,0.0,1.0,0.0
full_nl,oracle,OracleCF-Rollout,54,1,0,61.122718819297425,4.226949619506173,0.513,0.0,0.5,1.2741313126488178,0.49760157543833883,50,0,50,1.0,0.9999999605588804,0.0,0.8876994124795654,1.0,0.0,1.0,0.0
full_nl,oracle,OracleCF-Rollout,55,1,0,66.93119943399553,4.424529687549683,0.51,0.0,0.5,1.2738548309280253,0.5161676934620368,50,0,50,1.0,0.9999999746700173,0.0,0.8841409700033063,1.0,0.0,1.0,0.0
full_nl,oracle,OracleCF-Rollout,56,0,0,69.85699324341009,4.698387149468876,0.509,0.0,0.5,1.1919932590747278,0.48973250512558086,50,0,50,1.0,0.9999999748206427,0.0,0.8728040593322757,0.0,0.0,,
full_nl,oracle,OracleCF-Rollout,57,1,0,65.0470867131351,4.16551269716706,0.51,0.0,0.5,1.1934855484359512,0.518894857361237,50,0,50,1.0,0.9999999753511591,0.0,0.881511195197124,1.0,0.0,1.0,0.0
full_nl,oracle,OracleCF-Rollout,58,0,0,61.29074525731084,4.270074712685771,0.511,0.0,0.5,1.2634213292747283,0.5025072799829612,50,0,50,1.0,0.9999999618937448,0.0,0.8935316487449781,0.0,0.0,,
full_nl,oracle,OracleCF-Rollout,59,0,0,63.25862431461012,4.213369048743079,0.512,0.0,0.5,1.2062505563142019,0.5752048214082992,50,0,50,1.0,0.9999999746078726,0.0,0.8871330703224957,0.0,0.0,,
full_nl,oracle,OracleCF-Rollout,60,0,0,62.41942006211555,4.119244741044244,0.51,0.0,0.5,1.2320565345204428,0.5050711613637027,50,0,50,1.0,0.9999999759092953,0.0,0.8854966627088345,0.0,0.0,,
full_nl,oracle,OracleCF-Rollout,61,0,0,75.70725506308321,5.661731717701145,0.514,0.0,0.5,1.2535858877626636,0.5021716105565968,50,0,50,1.0,0.9999999752317424,0.0,0.861349957203311,0.0,0.0,,
full_nl,oracle,OracleCF-Rollout,62,0,0,65.83134175678202,4.51283722442986,0.512,0.0,0.5,1.1887701732417195,0.4720269083065236,50,0,50,1.0,0.9999999754709855,0.0,0.8799911679766095,0.0,0.0,,
full_nl,oracle,OracleCF-Rollout,63,0,0,62.43384062678731,4.1225579521,0.511,0.0,0.5,1.2285731947145393,0.5578877044421184,50,0,50,1.0,0.9999999749814298,0.0,0.8856314730116082,0.0,0.0,,
full_nl,oracle,OracleCF-Rollout,64,0,0,65.62287936732378,4.857287880673995,0.51,0.0,0.5,1.2515418275775887,0.49117962233292495,50,0,50,1.0,0.9999999608329003,0.0,0.8892202139517363,0.0,0.0,,
full_nl,oracle,OracleCF-Rollout,65,0,0,65.66945474473965,4.296332955582238,0.512,0.0,0.5,1.2241479687770926,0.5443052564584231,50,0,50,1.0,0.9999999745160952,0.0,0.8808412618955023,0.0,0.0,,
full_nl,oracle,OracleCF-Rollout,66,0,0,74.74272415167384,5.291605551105066,0.51,0.0,0.5,1.1592785149793372,0.46544099996218713,50,0,50,1.0,0.9999999752918252,0.0,0.8713153284268328,0.0,0.0,,
full_nl,oracle,OracleCF-Rollout,67,0,0,64.13765193481986,4.585549279986483,0.517,0.0,0.5,1.2813715997841462,0.5385283168439833,50,0,50,1.0,0.9999999751745657,0.0,0.8888423334442354,0.0,0.0,,
full_nl,oracle,OracleCF-Rollout,68,1,0,63.39415451151651,4.166101432821892,0.512,0.0,0.5,1.1897174891535702,0.5122766357382346,50,0,50,1.0,0.9999999750080054,0.0,0.8884765313748324,1.0,0.0,1.0,0.0
full_nl,oracle,OracleCF-Rollout,69,0,0,72.42031857254216,4.692134853949455,0.51,0.0,0.5,1.277107286458974,0.4988931467581674,50,0,50,1.0,0.9999999751467026,0.0,0.8694833045441746,0.0,0.0,,
full_nl,oracle,OracleCF-Rollout,70,0,0,65.44217993274451,4.1606986181337025,0.51,0.0,0.5,1.2539036147520324,0.5004902214608254,50,0,50,1.0,0.9999999753206319,0.0,0.8806111001146122,0.0,0.0,,
full_nl,oracle,OracleCF-Rollout,71,0,0,55.547373623465326,3.6822010443055966,0.51,0.0,0.5,1.1806185681391588,0.5172129253242334,50,0,50,1.0,0.9999999600254632,0.0,0.8981354562489575,0.0,0.0,,
full_nl,oracle,OracleCF-Rollout,72,0,0,69.04206852649638,4.580019700378583,0.512,0.0,0.5,1.2632452797058267,0.5496540176583389,50,0,50,1.0,0.9999999755545983,0.0,0.8743451229390699,0.0,0.0,,
full_nl,oracle,OracleCF-Rollout,73,0,0,63.44022750974779,4.067084973490202,0.513,0.0,0.5,1.2149761261349996,0.5201723328121062,50,0,50,1.0,0.9999999750016022,0.0,0.8838964895390058,0.0,0.0,,
full_nl,oracle,OracleCF-Rollout,74,0,0,77.14952738675696,5.593669669711463,0.511,0.0,0.5,1.2418683512068562,0.4900327524072299,50,0,50,1.0,0.9999999749310764,0.0,0.8716613112490776,0.0,0.0,,
full_nl,oracle,OracleCF-Rollout,75,0,0,75.50042836509162,5.083721951238324,0.515,0.0,0.5,1.1650996536597247,0.5313271831946357,50,0,50,1.0,0.9999999756188914,0.0,0.8706903701178338,0.0,0.0,,
full_nl,oracle,OracleCF-Rollout,76,1,0,67.85432460084354,4.666807536283775,0.512,0.0,0.5,1.2317255998647036,0.5736986931168357,50,0,50,1.0,0.9999999748818802,0.0,0.8796083427308521,1.0,0.0,1.0,0.0
full_nl,oracle,OracleCF-Rollout,77,1,0,60.72797805476184,4.219668759890494,0.51,0.0,0.5,1.2569834135752318,0.5012112275537928,50,0,50,1.0,0.9999999618116011,0.0,0.891803805688922,1.0,0.0,1.0,0.0
full_nl,oracle,OracleCF-Rollout,78,0,0,83.44913149156062,6.019905076398109,0.512,0.0,0.5,1.188878637867383,0.49816526174305686,50,0,50,1.0,0.999999974520439,0.0,0.8301926978551254,0.0,0.0,,
full_nl,oracle,OracleCF-Rollout,79,1,0,54.23725229892958,3.7171595798612804,0.511,0.0,0.5,1.3336441767945495,0.5474899831343958,50,0,50,1.0,0.9999999617323913,0.0,0.9003329858703266,1.0,0.0,1.0,0.0
full_nl,oracle,OracleCF-Rollout,80,0,0,67.12408039857971,4.6451539170215606,0.517,0.0,0.5,1.2456394465005767,0.5015389338480192,50,0,50,1.0,0.9999999745260356,0.0,0.8772846168408471,0.0,0.0,,
full_nl,oracle,OracleCF-Rollout,81,1,0,67.95690757359702,4.5412677382592666,0.515,0.0,0.5,1.176765134308796,0.5529042856449585,50,0,50,1.0,0.9999999751402643,0.0,0.8770964164978219,1.0,0.0,1.0,0.0
full_nl,oracle,OracleCF-Rollout,82,0,0,71.68619745754472,5.202991926374168,0.513,0.0,0.5,1.2678659030783568,0.5564643824830785,50,0,50,1.0,0.9999999750165147,0.0,0.869683098177581,0.0,0.0,,
full_nl,oracle,OracleCF-Rollout,83,1,0,68.71744264473446,4.822203856626703,0.514,0.0,0.5,1.2274198216917847,0.5468225257090539,50,0,50,1.0,0.9999999755072198,0.0,0.874452443082681,1.0,0.0,1.0,0.0
full_nl,oracle,OracleCF-Rollout,84,1,0,60.44679821006013,3.8747275257691616,0.511,0.0,0.5,1.2606030766424472,0.5152518908228576,50,0,50,1.0,0.9999999755896387,0.0,0.8890673112230097,1.0,0.0,1.0,0.0
full_nl,oracle,OracleCF-Rollout,85,1,0,82.7408401069898,6.422384768609573,0.513,0.0,0.5,1.2314143245067517,0.5475285626268983,50,0,50,1.0,0.9999999748289278,0.0,0.8749221952112283,1.0,0.0,1.0,0.0
full_nl,oracle,OracleCF-Rollout,86,1,0,76.5109944171768,5.18590962888853,0.51,0.0,0.5,1.1547407582104883,0.5086733481377218,50,0,50,1.0,0.9999999752096714,0.0,0.8671786243235837,1.0,0.0,1.0,0.0
full_nl,oracle,OracleCF-Rollout,87,0,0,113.89792058058565,9.987002370150876,0.514,0.0,0.5,1.1605389086755833,0.4939755932603657,50,0,50,1.0,0.9999999755450589,0.0,0.7928136687493792,0.0,0.0,,
full_nl,oracle,OracleCF-Rollout,88,0,0,58.105096778080906,3.9304912855693526,0.516,0.0,0.5,1.3000048323564248,0.5267112046960325,50,0,50,1.0,0.999999961320658,0.0,0.8986077853706559,0.0,0.0,,
full_nl,oracle,OracleCF-Rollout,89,0,0,101.05469655939841,8.491459284613397,0.512,0.0,0.5,1.2172786670583913,0.5425826442845143,50,0,50,1.0,0.9999999682641659,0.0,0.3648099694568098,0.0,0.0,,
full_nl,oracle,OracleCF-Rollout,90,1,0,67.96304277009499,5.207024450081096,0.511,0.0,0.5,1.2254840541454803,0.4971989652178728,50,0,50,1.0,0.9999999726013197,0.0,0.8983914611265904,1.0,0.0,1.0,0.0
full_nl,oracle,OracleCF-Rollout,91,1,0,73.67565785222986,5.110229470762221,0.511,0.0,0.5,1.2174064981317712,0.4892509388166418,50,0,50,1.0,0.9999999732163202,0.0,0.8792518714695358,1.0,0.0,1.0,0.0
full_nl,oracle,OracleCF-Rollout,92,0,0,65.1721779798378,4.2402922616834715,0.51,0.0,0.5,1.2718718722240756,0.5203328431705528,50,0,50,1.0,0.9999999751183899,0.0,0.8806167930591278,0.0,0.0,,
full_nl,oracle,OracleCF-Rollout,93,1,0,65.92903043071138,4.2754019252462365,0.515,0.0,0.5,1.2863375590739894,0.5243188011162582,50,0,50,1.0,0.9999999748332324,0.0,0.8793016607924528,1.0,0.0,1.0,0.0
full_nl,oracle,OracleCF-Rollout,94,1,0,73.13913492750635,5.932102311643025,0.514,0.0,0.5,1.2533154012491965,0.5332725206261724,50,0,50,1.0,0.9999999757696154,0.0,0.8828674675812125,1.0,0.0,1.0,0.0
full_nl,oracle,OracleCF-Rollout,95,0,0,58.21319844753815,3.846528964829633,0.514,0.0,0.5,1.282197394319856,0.48840882253537393,50,0,50,1.0,0.9999999610998048,0.0,0.8955041898538922,0.0,0.0,,
full_nl,oracle,OracleCF-Rollout,96,1,0,74.18801992129808,5.330046470121563,0.509,0.0,0.5,1.2459454640340755,0.5194977560953605,50,0,50,1.0,0.9999999755496155,0.0,0.8668614498177069,1.0,0.0,1.0,0.0
full_nl,oracle,OracleCF-Rollout,97,0,0,67.49707672549539,4.9971925532550925,0.512,0.0,0.5,1.192632131959567,0.5002303339160759,50,0,50,1.0,0.9999999606576123,0.0,0.8892155944138965,0.0,0.0,,
full_nl,oracle,OracleCF-Rollout,98,0,0,76.12960072845983,5.615368456819713,0.512,0.0,0.5,1.1388844100783515,0.49987003996950885,50,0,50,1.0,0.999999975841288,0.0,0.8755765335976009,0.0,0.0,,
full_nl,oracle,OracleCF-Rollout,99,0,0,688.9516285255935,39.57511757390985,0.509,0.0,0.5,0.9991130116063069,0.5553147764803316,50,0,50,1.0,0.9999999741621299,0.0,0.8812678551880615,0.0,0.0,,
