method,instance,validity,proximity_l1,proximity_l2,sparsity,intervention_t,cf_faith_rollout_hard,cf_faith_rollout_soft,cf_faith_pearl_hard,cf_faith_pearl_soft
CftsWachter,0,1,73.04679280423764,9.46680949049965,0.0,0,0.0,0.7529262090494407,0.0,0.6404404010103627
CftsWachter,1,1,79.39896362342225,8.946666436434477,0.0,0,0.0,0.7712123914334157,0.0,0.615760788836122
CftsWachter,2,1,53.45214653862381,6.095429008603887,0.0,0,0.0,0.7383578377226748,0.0,0.7073742505043213
CftsWachter,3,1,56.90291593168981,6.795374469471947,0.0,0,0.0,0.7551794498899623,0.0,0.7090022255417917
CftsWachter,4,1,63.94686104260837,7.88562146155935,0.0,0,0.0,0.7547815146054997,0.0,0.6935636072042964
CftsWachter,5,1,64.18862692573977,7.0223425294808735,0.0,0,0.0,0.7659865595642744,0.0,0.727820262504739
CftsWachter,6,1,75.63832560594697,9.594528911668199,0.0,0,0.0,0.7535612284402529,0.0,0.6121847798368812
CftsWachter,7,1,56.32984055442297,6.810749385812626,0.0,0,0.0,0.7822572606360289,0.0,0.7079495404703625
CftsWachter,8,1,64.26382087843415,7.812579015659428,0.0,0,0.0,0.7897471576592243,0.0,0.713046889792095
CftsWachter,9,1,61.07668288596,6.9989858816975845,0.0,0,0.0,0.7012684943198183,0.0,0.6806088967135894
CftsWachter,10,1,66.05546521651652,7.706266864748086,0.0,0,0.0,0.7122942719871446,0.0,0.6838720758593465
CftsWachter,11,1,72.2162765130306,8.727818472624282,0.0,0,0.0,0.7704013805314454,0.0,0.6444670815325912
CftsWachter,12,1,76.00095079502506,9.393128212648291,0.0,0,0.0,0.6752138712039583,0.0,0.6069610656554263
CftsWachter,13,1,69.05540829289976,8.572962690900594,0.0,0,0.0,0.7324434150546699,0.0,0.7456113717151418
CftsWachter,14,1,66.33137128654391,7.551775914110426,0.0,0,0.0,0.7586282815234334,0.0,0.6437788409316356
CftsWachter,15,1,69.36080574778904,7.8022400202483295,0.0,0,0.0,0.7489099356046023,0.0,0.6952494078037333
CftsWachter,16,1,103.7146544733266,11.59483241619119,0.0,0,0.0,0.6760996410823392,0.0,0.5283883824666015
CftsWachter,17,1,49.737737517461625,5.928227619300837,0.0,0,0.0,0.8166287130880439,0.0,0.7380659996634342
CftsWachter,18,1,77.02201533991268,9.003784752189974,0.0,0,0.0,0.7613497304614183,0.0,0.6562023501496365
CftsWachter,19,1,78.24853552956918,9.201303384635784,0.0,0,0.0,0.6348162605255505,0.0,0.6009499867527162
CftsCOMTE,0,1,45.03109938014893,3.8730587231644202,0.0,0,0.0,0.6579826095828725,0.0,0.7086856732862025
CftsCOMTE,1,1,70.07510974473504,6.118268798881956,0.0,0,0.0,0.5237080071622693,0.0,0.619737111937288
CftsCOMTE,2,1,31.9561172858249,2.737899540863035,0.0,0,0.0,0.7239339286017189,0.0,0.8061197287220732
CftsCOMTE,3,1,33.46054082250873,2.762791449512057,0.0,0,0.0,0.711431389414172,0.0,0.7969301392319694
CftsCOMTE,4,1,25.053008848526932,2.045569683543603,0.0,0,0.0,0.7739998013088333,0.0,0.8398068329412083
CftsCOMTE,5,1,36.59227054152501,3.119761108770035,0.0,0,0.0,0.7255939424084314,0.0,0.8072168232704504
CftsCOMTE,6,1,51.43457550767016,4.5423740457640225,0.0,0,0.0,0.6155186143085817,0.0,0.7197999621673086
CftsCOMTE,7,1,33.27022634039267,2.7360560073435938,0.0,0,0.0,0.7273424799483837,0.0,0.7994718078928613
CftsCOMTE,8,1,49.544004726730876,4.338614801183913,0.0,0,0.0,0.658655649780674,0.0,0.7032459112776211
CftsCOMTE,9,1,54.05326577008186,5.101621904050344,0.0,0,0.0,0.6710183566850443,0.0,0.6778075171609234
CftsCOMTE,10,1,39.45088680398461,3.3518411036654134,0.0,0,0.0,0.6940062528224625,0.0,0.7482334640508873
CftsCOMTE,11,1,25.06643831799729,2.0466707931871806,0.0,0,0.0,0.665862917605147,0.0,0.8394052568596524
CftsCOMTE,12,1,43.193923809861715,3.593550662150381,0.0,0,0.0,0.6785020827516355,0.0,0.7366423548749698
CftsCOMTE,13,1,25.069670017826077,2.046976661230788,0.0,0,0.0,0.8032866731738211,0.0,0.8411747675477297
CftsCOMTE,14,1,25.134424149976006,2.052399070107445,0.0,0,0.0,0.6182096711478614,0.0,0.8159103055281492
CftsCOMTE,15,1,25.008549478550776,2.042223566890915,0.0,0,0.0,0.7583758855121783,0.0,0.8465039466135766
CftsCOMTE,16,1,25.143798333551242,2.0530100284039086,0.0,0,0.0,0.6424882143962284,0.0,0.8629969654040062
CftsCOMTE,17,1,33.97983149914198,2.8262717735488714,0.0,0,0.0,0.7278653033161464,0.0,0.78117577187548
CftsCOMTE,18,1,57.39136619523044,4.942630020604462,0.0,0,0.0,0.6811240735413907,0.0,0.6462429982285943
CftsCOMTE,19,1,32.88027821524661,2.7151714658974577,0.0,0,0.0,0.6908546573451896,0.0,0.8008086921250971
CftsConfeti,0,0,1.1086924486276156e-06,1.4362369750495716e-07,1.0,29,1.0,1.0,1.0,1.0
CftsConfeti,1,0,1.2643337709862795e-06,1.6440606915955788e-07,1.0,29,1.0,1.0,1.0,1.0
CftsConfeti,2,0,8.208307785638989e-07,1.0209921326710823e-07,1.0,29,1.0,1.0,1.0,1.0
CftsConfeti,3,1,24.688616918175292,3.7979032930398717,0.52,0,0.0,0.7797687263551925,0.0,0.8152417133886412
CftsConfeti,4,1,18.548799183022343,3.1150739690839115,0.5533333333333333,0,0.0,0.787104618183318,0.0,0.8612614463428921
CftsConfeti,5,1,30.143224470483965,4.6224285153695135,0.4666666666666667,0,0.0,0.7581094968356283,0.0,0.8246520350925167
CftsConfeti,6,0,1.1246021145040058e-06,1.5803866736179028e-07,1.0,29,1.0,1.0,1.0,1.0
CftsConfeti,7,1,29.999754894166337,4.705752824535646,0.4666666666666667,0,0.0,0.718564765537964,0.0,0.7784001111488424
CftsConfeti,8,1,23.544026931261197,3.529668032950542,0.48,0,0.0,0.7813543724034473,0.0,0.8156026211420853
CftsConfeti,9,0,7.745787436370423e-07,1.1418395121092692e-07,1.0,29,1.0,1.0,1.0,1.0
CftsConfeti,10,0,9.484405015659065e-07,1.2240560535673903e-07,1.0,29,1.0,1.0,1.0,1.0
CftsConfeti,11,1,24.879090565796126,4.068216690301897,0.58,0,0.0,0.7317116386926429,0.0,0.8482868114858341
CftsConfeti,12,1,23.36141150346983,3.6094925637343094,0.52,0,0.0,0.7703853397962884,0.0,0.8106004402711027
CftsConfeti,13,1,20.90828171207388,3.3149875113464375,0.5066666666666667,0,0.0,0.7648144712557425,0.0,0.821193371005321
CftsConfeti,14,1,29.181307886779855,4.366096980574898,0.5266666666666666,0,0.0,0.7356151958015649,0.0,0.8258737729592485
CftsConfeti,15,1,24.465800292060393,4.152754952486008,0.54,0,0.0,0.7449960949208954,0.0,0.7887369738369173
CftsConfeti,16,1,36.05760102979207,5.2263814103695,0.4533333333333333,0,0.0,0.7407040902816677,0.0,0.782962559047646
CftsConfeti,17,1,22.13703020586305,3.2311235402383396,0.4266666666666667,0,0.0,0.8164799306067855,0.0,0.8636447713012484
CftsConfeti,18,0,9.994978652229879e-07,1.4276135586048302e-07,1.0,29,1.0,1.0,1.0,1.0
CftsConfeti,19,0,7.91311993257604e-07,1.0565777928748986e-07,1.0,29,1.0,1.0,1.0,1.0
CftsCounts,0,0,47.711174265945395,5.656713595690941,0.0,0,0.0,0.9371933684205543,0.0,0.7371763307939581
CftsCounts,1,0,37.33286015325177,4.64183198187523,0.0,0,0.0,0.7873974549638675,0.0,0.8181771116983779
CftsCounts,2,0,35.08304814800221,3.8014593065028586,0.0,0,0.0,0.8520112653993532,0.0,0.803939359686292
CftsCounts,3,1,32.669148374893744,3.9288554791348687,0.0,0,0.0,0.8956262086668575,0.0,0.7946738737387463
CftsCounts,4,1,36.78841159228696,4.256834801789818,0.0,0,0.0,0.9642720640885534,0.0,0.791565257242478
CftsCounts,5,0,37.271923369548844,4.340710018261544,0.0,0,0.0,0.9120898056496358,0.0,0.763910387849103
CftsCounts,6,0,41.993252794436096,4.870127808881465,0.0,0,0.0,0.7615989017736297,0.0,0.7509752196919213
CftsCounts,7,0,41.741406971168516,5.205193189131798,0.0,0,0.0,0.9008518338899507,0.0,0.7785679062892026
CftsCounts,8,1,40.15753284091284,4.503045885760946,0.0,0,0.0,0.9108756588865016,0.0,0.779701655539013
CftsCounts,9,1,33.48330830665244,4.065621117083904,0.0,0,0.0,0.95750636467275,0.0,0.799632808860453
CftsCounts,10,1,49.49877704127407,5.634323380136078,0.0,0,0.0,0.9269600490371315,0.0,0.7829936214528531
CftsCounts,11,1,46.72910802247708,5.71390183917668,0.0,0,0.0,0.8972391657175611,0.0,0.7489931781500788
CftsCounts,12,0,43.394099523272715,5.323965241208053,0.0,0,0.0,0.9451750804685615,0.0,0.7851653034104629
CftsCounts,13,1,35.5285688588782,4.113887053994278,0.0,0,0.0,0.8771395010005232,0.0,0.8212613536264
CftsCounts,14,1,32.59518682986777,4.0378847069790185,0.0,0,0.0,0.7443866735438556,0.0,0.812122800598733
CftsCounts,15,1,37.82886465707574,5.011073712818457,0.0,0,0.0,0.959096626859496,0.0,0.7958746586279796
CftsCounts,16,1,33.34859688039433,4.0131487011618665,0.0,0,0.0,0.7158208771271907,0.0,0.8043761159739926
CftsCounts,17,1,42.926039558218925,4.8591716097551965,0.0,0,0.0,0.8027304463942858,0.0,0.7505351753486763
CftsCounts,18,1,40.341217335481396,4.775885646985203,0.0,0,0.0,0.8847212839016642,0.0,0.7760425581952579
CftsCounts,19,1,41.05031663315536,4.566205902867165,0.0,0,0.0,0.9445976623896264,0.0,0.7689818998329911
CftsCels,0,1,1.308161392480538,0.6967987585364711,0.02,0,0.0,0.7348325295705654,0.0,0.9913174759685853
CftsCels,1,1,7.824048476867098,1.8244772620364433,0.31333333333333335,2,0.0,0.7183816396477981,0.0,0.9456106807945315
CftsCels,2,1,1.5210074092958212,0.8344889805718162,0.02666666666666667,0,0.0,0.769185848264765,0.0,0.9899126135907755
CftsCels,3,1,1.639479703307126,0.4992137665008215,0.006666666666666667,0,0.0,0.7691157789651496,0.0,0.9891233271113142
CftsCels,4,1,1.549622541420565,0.3990808439402148,0.006666666666666667,0,0.0,0.8005702933406529,0.0,0.989710417913934
CftsCels,5,1,1.4012523547565834,0.5514235761727875,0.006666666666666667,0,0.0,0.7960867484346533,0.0,0.9907343485063718
CftsCels,6,1,1.857561644063551,0.9932063865521725,0.02,0,0.0,0.7101828830919173,0.0,0.9876960136270394
CftsCels,7,1,1.4367016288199705,0.4795353884869778,0.02666666666666667,0,0.0,0.7584666678139541,0.0,0.9904676323180444
CftsCels,8,1,3.821919590890534,1.0132534647219342,0.5266666666666666,4,0.0,0.8190187325766101,0.0,0.9710048336082818
CftsCels,9,1,3.331178961517627,1.365152488573182,0.02,0,0.0,0.8192910355286798,0.0,0.9780364090071246
CftsCels,10,1,1.6038713417064598,0.5825523216833444,0.006666666666666667,0,0.0,0.7874386931886951,0.0,0.9893834171485868
CftsCels,11,1,1.583765201077335,0.5665342172318427,0.006666666666666667,0,0.0,0.726947504418927,0.0,0.9894954717885545
CftsCels,12,1,2.9464397442833645,1.1649994149516003,0.006666666666666667,0,0.0,0.7943075995876717,0.0,0.9805820623554921
CftsCels,13,1,1.1105738820173456,0.28270991319881594,0.006666666666666667,0,0.0,0.8146915971664622,0.0,0.9925859334688307
CftsCels,14,1,1.3199771232153588,0.7964215924685897,0.06,0,0.0,0.7192336139684969,0.0,0.9912383729085117
CftsCels,15,1,1.2965557423226404,0.45772473656909435,0.013333333333333334,0,0.0,0.7955377554180536,0.0,0.9913942495041259
CftsCels,16,1,0.5575877813275387,0.2082487785810986,0.12666666666666668,1,0.0,0.6899650362011887,0.0,0.9961619432128584
CftsCels,17,1,1.2302666513703928,0.5373161507304521,0.013333333333333334,0,0.0,0.8201014637928282,0.0,0.9918251030147756
CftsCels,18,1,2.8710496433794663,1.1796331519286127,0.02666666666666667,0,0.0,0.7445216923661689,0.0,0.9810408244457647
CftsCels,19,1,1.5743743852997214,0.672509911118221,0.02666666666666667,0,0.0,0.7776748803332842,0.0,0.9895594638350571
